"","X500_10","X500_3","X505_10","X505_3","X509_10","X509_3","X510_10","X510_3","X515_10","X515_3","X517_10","X517_3","X518_10","X518_3","X519_10","X519_3","X521_10","X521_3","X522_10","X522_3","X524_10","X524_3","X528_10","X528_3","X532_10","X532_3","X534_10","X534_3","X535_10","X535_3","X536_10","X536_3","X538_10","X538_3","X541_10","X541_3","X542_10","X542_3","X547_10","X547_3","X548_10","X548_3","X549_10","X549_3","X553_10","X553_3","X555_10","X555_3","X562_10","X562_3","X564_10","X564_3","X568_10","X568_3","X571_10","X571_3","X572_10","X572_3","X573_10","X573_3","X577_10","X577_3","X578_10","X578_3","X579_10","X579_3","X580_10","X580_3","X584_10","X584_3","X590_10","X590_3","X592_10","X592_3"
"14-2_sp",2.23422518378207,2.21510837742726,2.35731623669797,2.53182031647887,1.78922691995785,2.16981480642654,2.24696600867255,2.39098339442272,1.78299448870447,2.28780331499908,2.01874062805734,2.95730771245845,2.62779955536677,2.90951987013827,2.15269549381579,3.11270030869206,2.22354954158611,3.10765140508582,2.10629378827677,2.41783174506838,2.20298311068857,2.17561781575813,2.15493543712615,2.57635269145417,1.90742002466172,2.3233194056311,2.41995056016903,2.78359664501335,2.34668509708371,2.41604515192408,2.5649047803892,2.45132782600606,2.85027849941983,2.43993533997003,2.48863585445834,3.78529219897428,2.2396471267861,2.3131324767358,1.9241585324879,2.35196442428889,2.04755911145784,2.35681887921798,2.3965908443665,2.27931461602662,1.92523892011658,2.16323629121692,2.08844904066811,2.32964815379852,2.51383070240184,2.51890656137642,2.04000397775243,2.517660259713,2.42492344665888,2.35353166667111,2.21879340649254,2.27861323651522,2.2831189580904,2.62907195229851,1.85251159364202,2.19264028186436,1.65314946787858,2.98659055191376,2.14415244965398,2.25429563899882,1.9534773384801,2.20577454200145,2.01596252378766,2.67126595596651,1.83297598159121,2.53299122924184,1.96566714012405,2.57680558440222,2.06515544861653,2.47777039115147
"14-2_sp000403315",1.72997001932379,1.56017847677577,2.33075652977757,2.62765744136007,1.65174783287501,1.6609307091848,2.07158388807244,0.432184859425581,1.83170470039847,2.15928352788256,1.86540176091422,2.21309389456539,3.56777800675992,2.94546723609408,2.82915999014021,2.33646563884769,3.06134022160456,2.35403524418189,1.69055818453645,1.19446967577695,1.08029418701234,2.35237071282849,2.19992929146369,2.07794809449435,1.02990023707851,1.42868496657224,3.43019517729015,2.8395146696455,2.25731888546295,1.86037791496911,2.80373479741406,1.94217043471276,3.7071753521267,2.14169147319911,1.49409843706694,3.61521393229185,2.16925081678487,1.31214852351811,2.20155252950208,2.09959508779625,1.52948096599443,1.74679529495203,2.42907391168855,3.5964180655911,1.98554016954623,3.12590576086075,1.70719337229832,3.14369598386255,2.36176442595934,2.12926883261553,1.93342312464738,2.06784754640542,0.579959870310196,1.35446204463722,3.40492862640528,1.75826386823348,2.71171538075041,2.18395862754939,2.35027175849361,2.49386499915823,1.83202396269358,2.85309347772553,2.841088154794,2.16425185075638,2.96309273767963,1.44128488672631,2.15942110060025,0.718815141189356,1.49203116587164,1.06485015076871,2.48332727175462,2.65651066241432,2.32989978775103,1.9356621203166
"14-2_sp004793545",4.7021694751704,3.47726653275076,3.00528648286056,3.29589072619014,3.33291518087117,3.87994191654398,4.25749539427956,2.98680317373982,2.8893580026794,3.85783850866765,3.76696857975848,3.91973585421531,3.06321442361417,3.37187042166049,4.14601217700509,4.06923318052626,3.17002312074047,3.95454980583881,3.39239439681141,3.43415367309671,3.82431984999298,4.49896986363762,3.64540877959854,3.40413374043054,3.67274276831693,3.47390925859045,2.33436685783436,3.56168695827138,3.36779258074162,3.9054098500446,4.69154543105039,4.03452261732689,3.51729651785622,4.16458421875428,3.83212880633496,5.84847596522778,3.73758054292544,3.25262526385035,3.34023813769827,2.78332011781934,3.14209821942355,3.2489915546151,3.28465284370242,3.5902282933654,2.98063178929185,3.28210866543597,3.68375731883958,3.42420388434929,4.03704608890534,3.62778360843815,3.23600780162332,3.32627281576236,2.93007714449372,3.87921596967164,3.71028400452518,3.50605889476877,3.31568756746776,3.83160901662951,2.70600075228016,3.46330773079521,2.47873076096003,4.19565894492531,3.57020760220001,3.24740943981076,3.98772897371176,3.56436711701495,2.18947523336713,3.66531137775708,3.49138287439707,3.42016685758794,2.25359901366314,3.54086363985093,3.33222265602845,1.94896548175781
"14-2_sp910576385",1.67248118688459,1.8278678432345,1.99835119152394,2.70641467894444,1.27478617730245,2.06008526526365,1.93093899944984,2.16943447320088,1.40690819580393,2.06598093846183,1.71988427919272,3.25890874813673,2.42340432467683,3.31261904007925,1.76280588977646,3.55730492219838,1.72055519351937,3.41766525277524,1.59433561148039,2.00668689876634,1.89827299447709,1.70241620281057,1.95742928513584,2.89065389402684,1.56768922379372,2.05336633861288,1.94670356732649,3.05403922593247,2.01732606201137,2.42603624673153,2.21300222873022,2.36105352699684,2.45026164475,2.53676712381927,2.0639592667422,4.28116430405806,1.90269152633817,2.25625819831705,1.44072526894057,2.40983302011139,1.58647314080382,2.22740676743679,2.10503769436422,2.18971096486025,1.63035888442794,1.95262884066475,1.77109047043013,1.98923250916366,2.12182315220723,2.35242873657836,1.6754454893723,2.68028027599192,2.12449792783932,2.68939002218906,1.70583728826476,1.98140059382585,1.83163707142477,2.30806752964734,1.46405839261949,1.81314358517734,1.10022662433572,3.24651450540795,1.68239236754911,2.17519276665889,1.22607625814884,2.25538190029456,1.67288762557977,2.54612954698633,1.25888240602458,2.22330410793783,1.56809051817151,2.6824545474953,1.69196905274858,2.46730801651434
"14-2_sp910577785",2.00320098299157,1.11009603611299,1.24069020985087,1.13070750233375,0.823550014278753,0.294284640132323,-0.134323474167791,-0.390786674868455,0.482045509503001,-1.37404241527392,0.477897041368481,0.698672895319962,0.842859412661259,0.934471066400212,0.903830909372438,0.621148450830207,0.893800509574964,0.920890239477512,0.619013998627343,1.26294016094734,-1.67170213103375,-1.14555773722313,0.776880343605772,0.766114226931291,1.27264241104302,0.584258460146165,1.70333978887693,0.867417004349132,0.882646829864928,-1.24113309258575,0.0600578780669885,-0.813493302800479,-0.746660624153455,-0.771120591551965,-1.01343980545538,0.449840532524668,0.775986171711308,0.627996079705527,0.53825358616999,0.56461372933445,0.337205909629139,1.33473701753251,-1.28663616681832,0.606372442368755,0.593753802594255,1.10422320379314,0.355652726557565,0.934243137733459,1.5824255488367,0.0260592503143187,0.776376746309445,0.275089329347495,0.916213646344639,0.542242021223895,1.12178945771973,0.945771776927225,0.494204535034704,1.0380958939061,0.581190365104819,1.14610386491391,0.396308916527081,0.63827126157627,1.0846730006644,0.225557363434914,1.70982733174936,-0.170165435738223,-1.22576852151566,-1.40819908358967,-0.01391447523695,-2.16439980463635,0.969431195934238,0.101251908413476,0.950077709623852,0.0403398868122071
"14-2_sp910580015",1.2593237166009,0.862135484792095,0.932346202298811,1.58625519850469,0.862156372153313,1.49244350285415,1.55646433670341,2.0918662978993,1.29052241224835,1.75140332496504,1.67026286323951,2.1015908416821,1.68511039584645,2.07483553907589,1.88745363333122,1.87609196625401,2.0673391238706,2.08353812526131,1.70181625965925,1.51235922179047,1.20255947292709,1.44069048428927,0.946337998050051,1.34718297574502,1.24695619814449,0.963411002923705,1.74660227337448,1.32456703445255,0.854317173894025,1.15373778603964,1.79081524088008,1.32479578814222,1.30075842344679,1.52966452117591,1.67211593169882,2.56216264748115,1.53020564062993,1.48768487897685,1.43034405827677,2.16946283034834,1.26827542126343,2.13672124211614,2.04904755665877,1.24567239772852,0.776384521723685,1.28171987275131,1.04750141377135,1.21037049779149,1.23167737684866,1.52164678182215,0.958036967064785,1.40026439365706,1.45356540512394,1.23366024880984,1.95758860469507,1.843712389034,1.59956151384515,1.99206044662886,1.60687838375815,1.57815742330409,0.66614560866368,1.81326978397671,0.911771211748842,2.680358699196,0.992434195914647,1.30032291623566,1.8596008038839,1.59887213063304,1.24823296794277,1.53229385372382,1.14106797698552,1.90753584254214,1.02775887495383,2.01241140706861
"1XD42-69_sp",1.6180878483355,1.56463110894138,1.38535867428474,1.4028109859294,1.22864201122934,1.57979495425295,1.71194527224525,2.10368784287377,0.747141816942056,0.745607216560565,1.56504489038538,2.07232969194573,0.952680210804685,1.31234777994641,1.31667792064922,1.74163120010055,1.16485696434718,2.03116943483324,1.38404511725192,2.36708871603618,1.06703060136654,0.849920843820909,1.14048318762085,0.789080872133814,0.945710781509145,1.00225303416437,1.28562299052622,1.8167156079336,1.21346298271016,1.25064485308532,1.55812115259793,1.80468495541526,1.21733159070421,1.32508926934376,1.43819426812308,1.19518794045893,1.17525132887105,0.968894281180365,0.972487733696356,1.44718760116693,1.00521099409678,1.82588997712358,1.21216121977657,1.22209779322578,0.926473560547693,1.42970024245719,0.974613216851129,1.37906592094647,1.45024816837706,1.3833276265975,1.15589557236814,1.55400444761177,1.23303508270597,1.55696396329204,1.24520972187693,1.46198361748042,1.40682911183166,1.4668267265773,1.19048482439462,1.29453358156333,0.616364658275716,2.29340889550799,0.947014117204173,1.49892764159592,1.2507446578132,1.25914371256684,1.12160338608509,1.08779614326184,0.976069936921297,0.696454277954594,1.14413751866241,0.967674457668531,1.08365189529279,1.53056983101745
"1XD42-69_sp009911505",0.255739011580463,-0.355110134560922,-0.560098638608272,0.0245212168430839,-0.69652589819208,-1.47550706603264,-1.63751893278618,-1.68379667304701,-1.7968938510662,-1.32718966427803,-1.97554415663766,-1.11742381559018,-1.38749448434978,-0.645949416372957,-1.64550680566737,-1.3362456323709,-1.66193307953573,-0.986165842856938,-2.02602750809769,-1.7778127511081,-1.86545128519849,-2.27123357437977,-0.325418766455215,0.296147949720568,-1.73055114435635,-2.0427353502445,-1.45790396766248,-1.55223326479162,-0.557368571322204,-0.373234969264324,0.609208470891801,-0.84943595419365,0.049788340495267,0.423069377543598,-1.20762952749423,-0.126437964771167,-0.785377795397435,-0.219186865056507,-1.6762870453119,-1.91031802213862,-1.88096911955792,-1.71707208439997,-1.73844178332761,-0.49064838332415,-2.03891727056676,-1.86771910887274,-1.92620435600036,-1.71278588011657,-1.40843168048574,-1.15185737529643,-1.93577301610062,-1.26319692482085,-0.663463785836948,-0.936618581759387,-1.88439238230006,-1.4793922763861,-1.59404808647989,-1.53014037256074,-0.838293771220711,-0.196127252970324,-1.95662577049182,-0.915528285912123,-0.647713263492442,-1.34572988076245,-0.468398852329146,-1.44677602357786,-1.78063170123862,-1.88018369088561,-2.12267601024193,-2.20359547576458,-0.0209628539071804,-1.10939439095551,-0.673562741198218,-0.848406409668121
"1XD42-69_sp011959925",1.4077980034602,2.08881271452911,1.79104646217529,1.68735521751194,1.78933605059711,2.30572846742491,2.47113530160647,2.50683449929106,1.41833292731961,1.09950929757245,1.67528820780016,1.83343144830344,0.308279082792179,1.6643982351963,1.21769145948069,1.90943201616387,1.1432891572486,1.97380433330464,1.74784758031438,1.84011993067768,1.34275927108041,-1.39442477149119,1.29378942664363,1.45494802935747,1.54184653093959,1.84271944975617,1.56531634854712,2.36000206297614,1.69569682755539,2.10885159195194,1.67788075662774,2.46022836156972,1.39961360084831,2.00614573546175,1.68535117349698,1.46236200410576,1.429738489371,1.65722960549661,1.47148584435524,1.49726779536832,1.42692878258484,1.72801466698571,1.75599337324439,1.29667568042536,1.76306836188712,2.23544571322235,1.40983430846691,1.73011281176764,1.83375995081748,2.16395206996818,2.19999782335056,2.27128296916967,1.24148114913244,1.57809481922094,1.49724851197223,1.89663941938497,1.65969885815277,1.84258865777959,1.23382491091918,1.58848473538941,0.757557650992933,2.41650280631189,1.37575646972929,2.28685355591046,1.4904154878267,2.06768443970846,1.35306295588809,1.54646743123833,1.14239970538174,1.11906354470766,1.54280148953964,0.239297356093077,0.988753118555119,1.87556201098219
"1XD8-76_sp910573755",2.00907123389058,0.581837883857579,1.14848148969102,1.08732153585474,0.551306428083256,-0.513960711951526,0.20981127989246,-0.052529032761198,0.171817438703807,-0.534995098806801,1.44004602519058,0.661568954757859,0.698754032402128,1.00796724972941,1.63953513046951,0.154278030826404,1.19706568653816,0.245466992239349,0.632775511187294,1.21101393724428,0.536889436968414,-0.924232998789396,0.659623499345082,0.301271028226985,0.335300495230653,0.0254691970486682,1.49327415230723,0.290686392501819,1.01506946381853,-1.43476290041794,1.98425234746422,-0.963514905535147,0.554557661266793,-0.768948031136439,0.892818644755323,0.536092398510798,1.03570424643981,0.179331911044521,0.670124895219192,-0.390646790632525,0.305780935943892,0.641672823774778,-0.752142605075496,0.439953252861841,0.0356720133695703,0.518277826683063,1.180077351351,0.504141282524424,1.36952026293364,0.597873932662075,-0.105100010255931,0.15242271531557,0.967155240603129,-0.590799634772198,0.701489356499941,-0.189713178408105,0.268169709985138,-0.139560633961946,0.376198587101834,1.05894111648395,0.234485303732731,-0.0108861002380429,1.02031307553569,-0.171646159908137,1.33985493975253,0.642977128222025,-0.260841645299834,-1.25872259324339,0.050433034622607,-1.36283829768943,1.0483832037243,-0.31050387374432,1.21438216484605,-0.173811277671003
"Acetatifactor_sp",1.91725099740938,2.25698328261199,1.68559260964165,2.30446840684683,1.62780939576774,1.64800664563254,1.7577335216013,1.95125416069845,1.43180956832117,1.10371057865763,1.51999330423651,2.20830188972607,1.74688598389381,2.68397312518665,2.61554494946655,2.89460657471046,2.32118915830079,2.82526756230957,2.02362416135086,2.93041554744617,1.38787384105258,2.27889891474669,1.53632182669894,2.30555169196515,1.84579564560107,1.31196054024512,1.97367683086772,1.9688546064005,1.44860665006624,1.40583520233678,1.42795646946444,1.62606611576729,1.81922175311296,1.98661267761508,2.01153600481253,1.92263072140609,1.62797567158817,2.1842723344235,1.45593612210178,2.19642308039154,1.20559418052052,2.70152685490295,1.42739700080048,1.60842048766821,1.26536584762507,1.80790286097127,1.6017302268966,1.90641176061298,2.18671830006682,2.1640762905492,1.44812815222841,1.99843512961572,1.07507836686113,1.20384597013836,2.11149238494375,1.86196904371123,1.72818657253298,2.02570768796848,1.97801728610718,1.86387028528799,0.801813208036251,3.10859640868908,1.66333585169866,2.80554650934565,2.0652622769225,2.19726395041543,1.66048283116692,0.728933423415647,1.41402732247025,0.958853195319044,1.78882774733581,2.10611699396546,2.15667605067672,2.70386260667246
"Acetatifactor_sp011959105",2.33935661389965,2.08185543018601,2.70635249813134,3.20272386792983,1.11714472849014,0.720729667568971,1.81640723261215,1.24663683507339,1.50699938862425,2.57428599362685,1.5840282957255,2.55752985749963,1.72279169377324,2.94707737781149,2.15610280280398,2.87534006771918,1.57908609492592,3.06214242202478,2.11993850039214,1.45070849422863,2.17207381547897,0.880090679130484,1.75193113228287,2.75765231632786,2.35335341006255,2.6596820624938,2.64079642571147,2.70595665056406,2.01859097804402,0.365203222679442,1.73797656836939,0.638385986567195,2.34206542643762,0.787393157765349,1.80371045250964,1.92966047880857,2.56073116645931,2.51620031900958,1.41889005603017,2.34719454602203,1.99483062813404,1.20116607178061,2.62730070048402,0.337613954825382,2.60030650668945,0.354669662944231,2.1591163391582,1.21067400881951,2.44748235430242,0.802873414255295,2.54588251178002,0.849543349829437,1.17756323375739,0.501907087627274,1.21188058284391,1.11994005044627,1.70324962811738,1.57982494702291,2.09330847811456,0.935825723584493,1.97420451657002,2.47340643633882,2.58871679856419,1.26751989992199,1.89653985995998,1.13917617850153,1.22935237796673,1.00150560124337,0.674118443285431,1.07768966408059,2.67893715254836,0.849174362300806,2.37604272609206,1.03833522704652
"Acetatifactor_sp910585425",1.28867886574294,1.91138601729584,0.680263650539711,1.85736058487732,0.778534789179783,0.872825116254203,0.695206636666436,1.24401226385989,0.57781073167012,0.192844366832597,0.820406334150285,1.53883577331065,1.0276114948512,2.28583252203699,1.65879376938426,2.57694203704641,1.53026301602984,2.4674434837343,1.16368349398935,2.5420118098067,0.642991292698929,1.8251679866451,0.56207912238604,1.85333336199165,1.11160375862739,0.792439120163079,1.02490652871648,1.23626256281128,0.50394127471197,0.66835393415991,0.403737477300831,0.568494611995366,0.778198342524918,1.20062848199739,1.08421837952208,1.29394198652176,0.725165480442902,1.56584674692918,0.50098063914985,1.69393991633109,0.049994485876244,2.31929732997224,0.664852357962349,1.08408681968253,0.424866217953182,1.32296427491246,0.781095469811751,1.39312855939838,1.41874115318618,1.6119198001793,0.305052416840999,1.53483766182157,0.0173462515561678,0.244046801528015,1.18476283833864,0.571271781272703,0.883991852189927,0.619974800401696,1.10894865762818,0.72451258394965,-0.271911017265666,2.75083838199865,0.851100878763873,2.16635824188243,1.42307808848261,1.768330529017,0.855113573611408,-0.595419517884952,0.405897663549661,-0.510959163738788,1.32108194981698,1.66175676001454,1.2574474257375,2.37960812756405
"Acetatifactor_sp910585615",0.108059513148341,-4.19588919818032,-2.17029765059598,-2.43463978243976,-1.68965202004254,-4.38390463688241,-4.09909626630788,-4.76768165231027,-2.72746839135348,-3.18798276646084,-2.90756740720096,-4.66447037409777,-4.44372399602696,-3.42418062806567,-3.93536257879503,-4.2355199878212,-1.56425810279347,-4.09846318956616,-4.93695437159799,-4.28828278114194,-2.75973622820627,-2.0213872574894,-2.34134257718747,-1.9797912456863,-2.74360696615911,-2.96799797509954,-1.72811359312917,-3.39387205017199,-4.39715907672621,-4.82154803421417,-3.70340045156388,-4.37590820473458,-3.5477826744637,-4.04600308804319,-2.09127760386408,-0.637416007184685,-2.11142696546939,-2.60409853934032,-1.08449897678415,-3.67185108071121,-2.17168279639016,-4.0847852880654,-2.57391346649114,-4.99126365980869,-4.52744738853378,-4.08672330297773,-1.66108143654837,-4.34316817223789,-3.65192147699605,-3.83331438114994,-2.95078559498256,-2.834378787004,-1.53832943321248,-2.94598723054826,-1.86646324164151,-1.59188607578064,-2.70511359120274,-1.82453881051683,-2.05601435299117,-1.95968635150796,-2.90655393874834,-3.57321249901455,-1.57498903858085,-2.87480778805038,-1.05479863407811,-2.41353069713555,-2.12290236622166,-2.38179263916905,-2.32122733697017,-1.8744182308162,-1.65810698352157,-1.37609761911061,-2.09641884373406,-0.933961043693172
"Acetatifactor_sp910585665",1.18835977122318,0.613527132764704,1.24682642922688,0.900588678583844,1.01491564519085,-0.530620103708955,0.635312670600726,-0.169349807870743,0.937763129593883,-0.412491875742292,0.806122806910079,1.32216723425427,0.966498922026645,1.40687469674561,2.35354375835333,1.40138931993773,1.77989383813728,1.37471152493789,1.64446210420744,1.49538375480822,0.54636235753124,0.199835771514344,0.841460146777951,1.02904004319229,1.07112791616881,-0.361702250209474,0.682547648118268,0.961098783105788,0.832812726262132,-0.5826537016248,0.352951391798532,-0.248839111239192,1.12845504217485,0.386220541471889,1.60979356357828,0.0927238687019543,0.97102843447141,1.45635928559432,0.831672207307557,0.91417248870961,0.692347111003343,0.995247733931148,0.604582830549454,0.137207542969389,0.538643454326108,0.423977786937634,1.01730427080232,0.254006110144875,1.6929075903074,0.432512429927687,0.866843950979876,0.231340404572522,-0.534779981938811,0.406860406219508,1.61440456340101,1.15645011198613,0.945988920140538,0.819505102188785,1.46963989758659,1.03042022949788,-0.0260857502253415,1.45375474825907,0.742702865910786,0.939493541277997,1.36920095659526,0.641357977712955,0.293179494686381,-1.99838489199036,0.939351668286855,-1.82172754760044,0.0355063498636579,0.341475069928604,1.92198941846326,0.85281397036076
"Acetatifactor_sp910589035",-3.9259587990893,-3.67625167434978,-4.19288148794284,-4.96808956676682,-4.96717896126456,-4.45557742758551,-5.13028777945375,-6.60528213723345,-4.78070889126711,-4.48905240316996,-5.38319963753103,-5.72233241513843,-5.93439258661187,-5.65279932636132,-5.20042227337879,-4.45591496658055,-5.46531489893683,-5.03316527328173,-5.9248774671462,-5.8689526233996,-5.31927164918195,-4.28078481661583,-3.06408411086268,-2.44203470264025,-4.49153010259966,-5.17529103193408,-4.13330944513839,-4.79020638571059,-5.5064483448494,-6.65281268651765,-6.25084155594508,-6.70783394169512,-5.80759392570632,-5.68814106116986,-4.38723542750809,-2.70425952833725,-4.96635914683652,-5.45173520397578,-5.26790493261861,-5.70643491882027,-5.87814076313683,-5.65584637955719,-5.34265375319277,-6.78877515635335,-4.74748104862424,-5.441325107965,-0.5747085634932,-6.02275404761359,-5.72607201147953,-6.12274921363334,-6.66615991784485,-5.10483674648764,-5.24328960866417,-5.77205294966687,-3.90449229538099,-4.23881841205346,-4.20330709905931,-4.14199783942826,-3.4874794171858,-5.05404460812649,-4.75426867536495,-5.58645663255936,-4.95415714873008,-5.267592956271,-4.11680733566449,-4.80576710127745,-1.96796072152928,-0.89266881923,-2.23704131973459,-0.805754629626795,1.94192478799113,-3.41269737480961,0.423506919635932,0.874589763153381
"Acutalibacter_sp",2.58556509022453,2.06123425697127,2.05890802123151,2.53827739310093,1.33824848954831,1.21996655557402,0.982315415706672,0.0484250748503818,1.08570307874764,1.56684840564755,1.60757260611886,2.19681693816973,1.6177972671425,2.25685336375486,1.65159058206299,2.36701969011965,1.68330210995729,2.53298942059767,1.67957072026971,1.15301080150494,1.92490503864789,1.98293427422706,1.45633960559094,2.26510719558226,1.82094309565802,1.93433133071431,1.9732141534023,2.10922444094721,1.79514786340893,0.847495871440817,2.169978755821,1.44826100300906,1.58186507122784,1.61081395882128,1.84862812623339,1.44287267552195,1.90445767197562,2.07417998070433,1.07147026508638,1.45683142936401,1.41255370760411,0.852141351750365,1.93033595107027,1.06518188280511,1.69824205481036,1.05823503068796,1.6011747231826,1.35985230948616,2.11536682590943,0.908037792896629,1.73738507198385,1.41892627090815,0.663589818876295,0.626864367560753,1.88285759850884,1.81145707720683,1.48869002744749,1.19005609274921,1.63667187178308,0.938269831677365,1.17570851640159,1.84262194482651,1.98446828521376,0.172065854200607,1.80182664730281,0.502377955217279,0.646325219328748,0.252398728797184,1.0012753064753,0.24446451161567,1.89551324572754,0.713973884549443,1.8072709273537,0.927183864770836
"Acutalibacter_sp910580045",-0.932878882177985,-1.59084192498784,-0.143205254775634,0.97662342548948,0.0606291398862719,1.22364153679909,3.02177937862674,2.73896456102554,0.239702450309261,1.37887774682198,-0.266478748152753,-0.569141459793416,0.973875389779359,0.517026916314979,0.319653994820969,0.487543046872963,0.392332954104731,0.551862360882106,0.34377258744944,1.35822063384188,0.116424438641046,-0.369503510112095,0.532475175743228,1.20064349328411,0.451264890728346,0.70427980080269,1.79140607603702,2.05853063394699,0.648223804277574,0.478493982031091,2.25464911626654,1.5219758852404,1.46136493484341,1.33112618716122,-0.237404388021648,-0.162582450116554,0.377953873147053,0.225953111946247,0.194473512716666,1.17503102701727,0.521364377625671,-1.51398235114874,-0.114728734426265,1.09200768697122,1.2333971033746,1.27882966169369,0.272480802769982,1.20071024505943,0.989647791763174,1.97316556819927,1.08205504115715,2.79335420692015,2.25178058673828,-0.115949195162035,1.36094682542414,1.2296108235778,1.09483105822576,1.84575755550284,0.328438008129066,1.69583482057907,1.0312458409765,2.21490415230108,1.05613249655422,-0.886595670868463,0.541530702842149,2.14754055156043,0.759412996811358,1.06610513606723,-0.0161149340148938,-0.0182995251751397,0.979914764455483,-0.16783858224894,-0.0902591920655844,-0.0984389933645957
"Acutalibacter_sp910587995",3.61107008287841,2.96094559665445,2.14114854621393,2.79734127635945,2.32570777209509,2.35396246693227,0.348455569681988,0.0348360150776745,1.64956026064427,0.0546470295102424,2.66247907709073,2.84351464429835,2.32675310479051,2.43102917108688,2.20054730056717,2.92888757557692,2.63166745501263,3.0818801524425,2.12751709162933,1.9356400829102,2.55977112249838,3.08167163084107,2.09440311507075,2.81515300762518,2.22781278129955,1.9700021506878,2.14534739432335,2.58679201365299,2.52858264011238,1.61907220039335,3.26243280408045,2.3069152215291,1.72486586045283,2.67593160571954,2.66032805894973,1.31030141986714,2.14022905274077,2.62792823543092,1.85194947633794,1.08115685515172,1.63275434584411,1.74866412018092,2.17743616057317,1.95634523134388,0.86366931679061,1.98345905116778,1.96236447724778,2.22682533614923,2.71316563065248,1.36237524717771,1.40574458613066,2.48050330072013,-0.114958123697518,1.49864757585065,2.98840145979665,2.93709515128427,2.18101855017295,0.808452965166977,2.1619120384617,1.3661994461821,0.879899787942541,2.15515252859958,2.40379856094809,-0.79613669596554,2.69134374473649,-0.00277018783244287,1.11388139426944,0.013982901566342,2.09986205034218,0.090857117505573,1.75235153544381,1.5106353210011,2.14760747837684,1.82958326728886
"Adlercreutzia_mucosicola",1.2063175939213,1.3987984027767,1.10482917472931,1.22955973143567,0.578919902349332,0.632944943951234,1.01377707395694,1.00948197923594,0.851075322333479,0.777248334241689,1.3358749815443,1.07788122809655,1.00036549132214,1.19492131569658,1.1278896832993,1.39536517780408,1.09247047839413,1.41341787799502,0.710309665716229,0.786712437594185,0.785197784905439,0.956246135451346,1.15237952061716,1.16535092007932,1.27067720065571,0.879551891598485,1.11065126312339,1.16749969501589,1.07556479663477,1.04671573193016,1.01268951896942,0.72906031943811,1.32492215020897,0.895813187953868,1.61567460974213,1.51849458347688,1.24686025949034,0.90064073589615,1.11532579683845,0.711381953166473,1.00397709135882,0.874405266221531,1.55129926010003,2.20398938926003,1.6193821062523,1.13683240279981,1.43425133945886,1.16480538851038,1.30174506968173,0.724558970063727,1.64010781384109,0.960000364885142,1.02352530749373,0.472267662561601,0.814262205934652,0.920354172308693,1.09507845847072,0.771465381696714,0.712427489523604,1.11497641541757,1.19672180098828,1.39965414987295,0.966500536336401,0.716655780733417,0.894530432082373,0.569781808617863,0.899486132181419,0.501031486087802,1.12670792624521,0.664612794189406,0.938615599340954,0.819482439752086,0.860157529786752,0.576398528620992
"Adlercreutzia_muris",2.16741398526599,2.74242253794193,2.55696052142659,1.74578480297357,1.55723707824723,2.14607060003005,2.07955327718393,2.81990889198207,2.0639833903589,1.73592610752435,2.23766599539678,2.43101044825473,2.15540716433809,1.65458527539868,1.2860840837564,2.00955114538042,1.24770696859318,1.63672931364085,2.39349834016918,2.53269829602166,2.40036111998032,1.35207688774582,2.00778008944949,2.33244795692761,1.52990419993495,2.31792246486781,1.52695445600752,2.47126564254016,2.19209159033575,2.70314689884055,1.24978919209015,2.40690464568995,1.61141515750582,1.81743021690458,1.95880341965056,1.80402667495728,1.21402116813864,1.66206877558369,2.23337316416649,1.72130935200464,2.08279284640997,1.21747933711565,2.53832501352336,2.70119263961502,2.5926207761008,1.97520750509633,1.19842456726144,1.62060460129693,1.62699642372885,2.17459380491629,2.83767198153628,2.15704318102425,1.90605920187337,1.97017635932665,1.47446366430683,1.93255379032862,2.08904780733517,1.72311375162985,2.02673950545859,2.0082143763442,2.2628080319893,1.41058491052448,1.67804349292499,1.39070894075021,1.80932866575835,1.71942666808246,1.97439159950113,2.30070046302559,1.9844070342042,2.30649511104283,1.75830257060256,1.49617591487883,1.05378247766876,1.18323620230211
"Adlercreutzia_sp",1.30100859013432,1.88660447366768,1.42999085284021,0.986897146393575,0.634289927034155,0.931033868659135,0.765148562317963,0.866309464348982,0.842758887688502,0.738510958073597,1.17046204259339,1.27261267770025,1.235359549608,0.870655802092562,0.063110925624839,0.979145613928837,0.237620587274638,0.699066701080755,1.83310339098212,1.31147718922921,1.19945722877649,1.0242614779379,0.802842224238869,0.929544899583075,0.208184573554455,1.78436590562869,0.51357971531187,1.40484730316073,1.34245187368527,2.69569250750288,0.794207428015072,1.96163037619577,0.75808188304878,1.74736480887846,1.22230308668356,1.63020750998247,0.771283814811833,0.689922563494573,0.73293887854075,0.26691372277142,1.05259311849027,0.698220489724426,1.69601811263276,1.91818371206769,1.39872547846707,1.30872661201428,0.437994442971473,1.11932560246081,0.105794494280936,1.44562344737204,1.18508095721644,1.13120434039714,0.621872628513824,1.55154398866842,0.676498620156853,0.798855745771046,0.606167539567286,0.651726942611495,0.588297889499172,1.17520579031309,1.09772253279543,0.486176905042596,0.635238688463321,0.671468835351121,0.387161597676455,0.927185177514067,0.674300124533975,1.18423914399058,0.561628263364982,1.20403523760432,0.780528960352051,1.61513140057191,-0.601107826208786,0.528857448987388
"Alistipes_sp910575495",1.99333160454923,2.98997791630682,3.13405451837651,1.91478500453563,2.13801754873798,2.09533021541302,2.61920833763332,3.21198974222687,2.28177753223441,2.41959699063897,2.65450237028635,2.69414346683782,2.51440791666916,1.82111087492169,1.82836643790913,2.07986540227081,1.64409480571737,1.48962491197515,3.28001965492351,2.90887670107452,2.96398561739025,0.880499330892285,2.26070591508477,2.21311586851463,2.24962828236178,2.18130902267407,1.45515476956773,2.3272546768554,2.78508867241886,3.08805707476719,1.37466931103934,2.99045462115254,1.8241110532004,2.05922238453498,1.45791123735074,1.2243139512197,1.92892900954549,2.03478554113423,2.46809737160022,1.9386219623522,2.66259078765174,1.02417971179181,2.63860031687354,2.57923323783814,2.9772784912967,1.99160915554064,1.57122443773778,1.88326198592363,2.1811096100666,1.72771350908774,3.1972748665381,2.02343132365707,2.54417519384407,2.21025443640699,1.70841160095383,1.75214278671297,2.60353527030359,1.63788022564083,2.5731024229459,1.80739243477865,2.58885278464575,0.890209276861958,2.09222151006448,0.889687265703392,2.2037766744916,1.19341170173676,2.00185845465921,2.7662944532398,2.78193345668201,2.54953845384757,1.93235909665658,1.33245204359785,1.92031836921695,1.12760623322911
"Alloprevotella_sp002933955",-0.587849247030261,0.315775416695754,-0.419417469666366,0.333847652427606,-0.621501299522231,-0.665079667662372,-1.07632004435487,-0.988517942331089,0.301877534442839,2.39674867482625,0.506977381324008,1.00348559701476,2.00348578581683,0.97493813900309,-0.207097907844902,1.27396708921524,-0.0247762752702272,0.361895508383046,0.41113539862625,0.626647128743301,1.22751173930767,2.70139602343262,0.494374552919552,0.169898054664264,-0.366693236720483,1.42824885616441,-0.114689465413736,0.182571507718901,-0.227422428014355,1.47845563097771,-0.433546574175967,0.666073144039153,-0.40850745376501,0.955803126033304,-0.521027848246293,-0.375851790017199,-0.726629133852658,-0.307562380445281,-0.141211777490879,0.992501784724759,0.355953192875873,-0.205107865787298,-0.509781711480144,-0.326823874120775,1.43184588444207,0.58295233411082,-0.596627361483126,0.264993079333234,-0.171888541251249,0.834055359239903,-0.725202352882166,-0.491012760764299,0.0890712735227606,0.325590911218333,-0.259416445692468,0.249014797775045,0.760996181942451,0.811452989513851,-0.526660251414022,-0.199692992599202,1.99609011701551,-0.0363538820987461,-0.543677333039302,1.907013991487,-0.612892479848007,0.175226807713825,-0.220563769258247,1.7866254357607,0.970812637185453,3.27459472437443,-0.722035009728929,-0.554858572484816,-0.554239845833957,-0.476493919584746
"Anaerocaecibacter_sp910577995",-3.05770106592702,-1.64075884669771,-2.49989451648946,-3.02581953403315,0.0550557737440442,-1.96803402933598,0.358661223153689,0.787077097270574,0.988594783755801,-0.41892735821189,-1.15449755651918,-4.13003536487127,-1.36751396718557,-3.19022333181907,0.991341466174456,-3.22250643964862,0.923251090830654,-4.42683040752365,0.711803307587266,-2.16983092697058,1.52603397526399,-1.1492718171489,-1.31234815066863,-3.27443781645861,-1.42778700367669,-3.34702869431628,-2.96647629821833,-0.878696164048353,1.13068318164152,-3.00582105303793,-1.14187763807945,-1.19245709175362,0.155134546345856,-3.3249234656682,1.14788328513345,-5.18562909389938,0.539177086882562,-3.62336229588668,0.896129140542689,-2.86726289854914,1.17275820971029,-3.90744011836636,-4.25950549192707,-2.12407218418743,-2.65744962370342,-3.49412288345826,-3.50731039955423,-4.10803421721287,1.26657383550645,-4.64699683672849,1.30039086586176,-3.03156945074574,-1.6657947794612,-3.02092240002231,0.662394207333522,-2.17898471182258,0.103589673988242,-2.39264829278611,1.34598315336536,-1.81818577286005,-0.364402987498428,-2.58839717858705,0.839879505287691,-0.225669372621933,0.120736092441243,-0.061658457984743,1.70257153588742,-4.82548085056216,-0.677071933176363,-1.91510888716465,-4.27373491831538,-5.85578413864445,-0.552856499955441,-3.75983761487485
"Anaerotignum_sp910576545",1.04401720738814,-0.429102795827381,0.0653581771549856,0.632715924418477,0.303851921513294,0.317394314628336,-0.302884497116633,0.501849305319224,-0.197063983845641,0.452748521307868,1.04266012972282,0.360654974019337,0.296006552082824,0.774570718605327,0.617744079037614,0.906707880440338,0.388581740616811,0.83760099373011,-1.4252399534198,-0.874993703673265,0.683222504343448,-0.150625097120422,0.421333569148173,0.514726687301497,0.274820802739217,0.518390683992671,0.76282683133091,0.0271438597225764,-0.0924184149836567,-1.11158849883062,0.294162716490989,-0.714617931173391,0.375773681573193,-0.537424254055312,1.12633045172949,1.92172657332073,0.15416086470049,0.480717537338547,0.636425252964244,0.528838810172147,-0.399413593454174,0.460346567007189,0.71935675603144,-1.06816555641882,0.217640244077696,0.0466134629360653,0.466022403433914,-0.104258390216586,0.711447288478617,0.658420924210246,0.447151660566901,0.474209394307985,-0.501311680534924,-1.0766662632364,-0.0227286293886237,0.615479179717399,0.526609097095792,0.894008967523822,0.778312368946574,0.338465305767816,0.109156910132137,1.0038962741125,0.313491260037539,1.13723298402295,0.649965054105202,0.931444442195668,0.0248328029862304,-0.692194820109458,0.680221906922222,-1.11165137035328,1.04536820130865,1.46686728396149,0.517189110669516,1.41440926920279
"Anaerotruncus_colihominis",1.0155081015168,0.966137443068659,1.40096794401283,1.51562563623198,0.554539957755432,0.847634766577121,0.925340864659008,1.08868842517842,0.35347610395455,1.06642428079536,0.963188504635992,2.68960957597398,1.62504080635214,1.83582031823028,0.95782139461282,1.99293798009345,0.944561200657219,2.01963124636603,0.901991065821205,0.993460646822907,1.15386835027597,1.11868922187877,0.996656193157701,1.57418978465156,0.864748294129225,1.11434142944917,1.25108825250884,1.65813118020658,1.1838246679196,1.4031532687161,1.33347804462107,1.41325104171183,1.67760803562233,1.45421395477026,1.28912680271981,2.72182622967166,1.10136775828317,1.16051561417212,0.595823664908746,1.19637388832401,0.937494696281568,1.05123575905712,1.10520205179575,1.30573090416187,0.853250975821,1.08098261592194,0.991081036443306,1.13415979284443,1.53198351780255,1.21065646823405,0.712024603459072,1.3302741097404,1.36392410958471,2.37158396533356,0.901852594454208,1.13806078548685,1.16335641892777,1.50783247766454,0.788387346133923,0.982683141060614,0.829471555415958,1.8443590691883,1.23703968482154,0.876992958849858,0.615219285360338,1.03133835464369,0.622637708700864,1.59398288976193,0.407315652793688,1.29802611472025,1.06169676335077,1.89987676246751,1.05533801440671,1.74722786275479
"Anaerotruncus_sp",0.925728371244359,0.806751992836015,0.306701050231483,0.857691592704018,0.839033417058365,0.926648979478413,0.558355524140246,1.62892313549151,0.443055961582161,0.696048003200968,0.476725551103099,1.32280560044443,0.81727221677893,1.0286384045267,1.04052035200808,1.0872891355502,1.17499924117887,1.18765017014671,0.776802307174734,0.682142272259808,0.912018079020635,0.737116391835873,0.614359801275612,1.04835456763627,0.296862386701376,0.599451871739818,0.633512122512363,1.3017916796737,0.477595598144275,1.08440134315048,0.813056955919494,0.824265094479589,0.785064514375273,1.30415835475227,1.30461109513976,1.20460016563076,0.335061195007519,0.777002481072698,0.568016046746957,0.861405531733034,0.0984739519470441,0.787394642051071,0.758237954481221,1.13744396498222,0.209705228565499,0.782781439062447,0.371074799895304,0.698761062698068,0.981226027870335,1.80684913376725,0.563465535830499,1.26138778954305,0.796744387015615,0.451472900881079,0.775929000804085,1.10087083221609,0.578795057495968,1.20935773199754,1.05422271429071,0.860249628962208,-0.158134673304863,1.65512362955367,0.397819242018407,1.15137693746696,0.806243345377018,0.719482562372145,1.29423261675638,1.03763498110833,0.701285000097005,1.04949524425308,0.985402293016101,1.86944331967105,0.729329826369403,1.6493425804739
"Anaerotruncus_sp000403395",0.276876612370179,0.331156791872278,-0.757487245718371,1.1087865770396,-0.445115883941089,0.529896009892786,0.215067607541226,0.0787328862460406,0.32666451253354,0.767056507655468,0.194866760302675,1.70179794046921,0.903141837262876,1.5325308033142,1.18403716233145,1.46323687238656,1.08443101551594,1.49187965908267,-0.0547365843346697,0.913754763428908,0.980438547450955,1.31298822473169,-0.326316875887121,1.11837330551905,-0.669132251071707,0.619997743068069,-0.00795773994174631,0.740689793084178,0.3560791645751,1.14152886086915,-0.0241437200978556,0.949962757060115,1.10878864688811,1.79822630212784,1.27599468744592,-1.50647545276369,-0.258425878073174,0.668143647466541,-0.0966008184982705,0.768683681841182,-0.935564727184197,1.40648209519945,0.89975530415359,1.58324268477863,-0.548622101917957,1.16662449127162,0.101638080874929,0.934705348513244,0.510693120268867,1.74451546204222,0.6160010689487,1.29636227383336,0.464655479070771,0.741548726061573,0.38176169842699,0.864207409399196,0.278288654681807,1.04345772226354,-0.103473615378279,0.636255924361601,-1.04907636888353,1.83985513932007,-0.351384275667794,1.64917138547185,-0.634715384031644,1.03265675405865,1.05172300852496,0.592461883452341,0.920643562609488,0.881914919127558,-0.393360126046224,1.66159489429095,-0.346500988400029,0.374256213322138
"Anaerotruncus_sp003612625",-2.0331307909865,-3.32015021008866,-1.58161729425132,-1.85983987533513,-1.38358907631839,-1.0976384010038,-2.07522379401991,-0.126393790792291,-1.26065884247338,0.368262190382639,-3.17702420688704,0.808077853128996,-1.34304963553195,-1.13266374001177,-2.91441234437407,-0.348726765715016,-2.1445330026712,0.299991261260843,-1.9743691112316,-0.74182416690314,-1.84557241396161,-5.56676221825697,-0.544473922196076,-1.51455271166875,-2.53417866461657,-0.751010225624135,-0.854302629264094,-1.46535064137221,-1.55104165758584,-3.65143171599201,-1.56897069665809,-2.62217154474532,-1.10500122491269,-2.62760642259748,-1.11543160601162,-5.0273912174324,-1.3193051942535,-0.491095702413354,-1.14495068066348,-0.693613789146234,-0.98214878637646,-0.42583961562578,-2.18648425273862,0.106087995908803,-2.04504087639932,-0.228535692713793,-2.45543758602031,-0.297738562434491,-2.01924373921678,-1.15614570567594,-3.39779025851043,-5.13463960538227,-1.34508921496292,-0.0428852225206828,-2.40326404668877,-5.34847234295438,-5.68730536303206,-5.74742972857575,-2.11399686283419,-3.28417729714226,-1.55614240196061,-0.000479960514288891,-2.75599365758196,-1.00844613169359,-2.22835290107897,-0.512230185493618,-0.805763713744916,0.222858301998144,-2.50503150737361,-0.512373357362128,-3.09646313317161,-5.36435793485399,-2.86817794625747,-3.80071798356428
"Anaerotruncus_sp910586875",-2.02307018895185,-2.15321962597963,-2.04689312987682,-1.75013030400787,-2.38650916037158,-1.55150190531759,-1.93415512587809,-1.08211980755807,-2.82629650329427,-2.07206491548504,-5.39661873900372,-5.29766357992448,-2.39712536971011,-1.92496890297998,-5.44812902710589,-5.48868367500927,-2.14526392932964,-1.31860163506603,-4.81413370550382,-3.88182936669509,-2.34723902614049,-1.20178448634586,-2.38855582967439,-1.53291139026948,-4.73827119058569,-4.8169214729176,-1.93149715478989,-1.81721925392173,-2.37551932399092,-1.56598589183597,-2.38635721890927,-1.70012229310109,-2.02576808846985,-1.2864364903553,-4.60499720259531,-4.22781160337175,-2.39887082952388,-1.82087286379273,-2.43818618044386,-1.91561109658941,-5.61336665911838,-3.97608874622146,-5.48443511412563,-1.95821815257264,-2.75377852906009,-1.28296740750185,-2.58246181921957,-1.54301356520437,-2.10766417000663,-1.42511509348958,-2.17584284053896,-1.47138343791985,-2.05473490501948,-2.2616587733172,-1.66665308872543,-1.83686366689989,-2.23263254699399,-1.79612142884321,-1.99015512644637,-1.76939011186443,-2.92188909446053,-3.86798837160613,-2.4342942290461,-1.27787162278103,-2.08091235000287,-1.38185667617954,-1.87145605738932,-1.73114578121737,-2.33729319717051,-2.08503911609322,-1.00492648624318,0.312034842804708,-2.31100069898787,0.028729627672492
"Angelakisella_sp",-4.01761491758191,-4.24854312482613,-3.88168930752018,-3.73274723554656,-4.03589333534048,-4.65822517051512,-4.02131408451961,-5.00197535845928,-1.95648759165092,-1.70833031758788,-3.44053946595749,-5.10711159667738,-6.09464758603743,-4.96168278525449,-1.43125973960671,-4.19325153008035,-2.66015601665725,-5.0922598796957,-0.534448006771353,-2.62536602766572,-4.03633024040598,-2.14215776606897,-5.06062974485295,-4.2850329806852,-4.84420065254318,-5.07059337939562,-3.89194955065413,-5.54884270508282,-3.280224943673,-4.89181732889096,-2.09554482631236,-1.30869625958995,-3.51113960357932,-3.70170134380183,-6.01253245929946,-5.63325488914212,-3.47163309378194,-3.16794137019521,-5.61698748142754,-5.51923177790614,-4.23834574566296,-3.73860828804543,-3.92969867893175,-4.65342675570312,-2.75039855361742,-5.26611213909925,-2.97276871134528,-4.74563280166798,-0.880221689401431,-1.81372342457867,-1.2200681537638,-4.29906603228661,-3.57007097619469,-4.25816652228235,-1.87378688595621,-2.85000179938529,-4.0742904828591,-2.63611940650032,-3.73915445764657,-2.8282679810909,-2.35201758380613,-3.32201527498149,-1.61528569524241,-2.2882876006183,-2.42431689942154,-2.32395666491135,-4.96682505346923,-4.34167441007868,-4.87595052655907,-3.92598445732149,-2.53604849267076,-5.39800697548858,-2.5722432773613,-3.45458413716145
"Angelakisella_sp022795575",-0.39415464488404,-0.0398265367106454,-0.461960717602805,-0.0869842489416452,-0.227917885895318,-2.36793615624622,0.402765691505147,-1.02870695023542,-0.467771382733362,-2.43540742606146,-0.737715178612579,0.0558882151726738,-0.333064909713253,-0.31584701550695,0.723164806078438,0.0464776295800515,0.309331488015022,-2.76933419551773,-0.252434003833107,-0.733322181290488,-0.270263246856993,-1.74043473552049,0.00977342156089556,-2.35841742183182,0.316942964646556,-1.73742938191031,0.450599887567037,-0.61445595928501,-0.0752859369280969,-0.178886460445195,-0.235989559859823,-0.653856486417006,0.206788669040371,-0.787712650900616,-2.22480141242061,-1.89217720520934,-0.22026568134725,-0.0100343204060831,-0.47291187320659,-0.153044200957513,-0.412738794278418,0.183362084739098,-0.342268113719225,-1.40983612595439,-0.384498404343189,0.55488264365753,-0.251549633337502,-1.32588865440584,0.200867446375067,-0.419506994407874,-0.293942935859238,-0.263772493521905,-0.855865789074686,0.15971268658009,0.14434324243269,0.22423979288059,0.0427015263261801,-0.0147091768246419,0.418350308951876,0.384164315749073,-1.00461517412249,-1.88922559601851,-0.0458714466898513,-1.12500552018239,-0.328076835913034,0.38041171949676,0.698210874233776,-0.997976861652704,-0.129936088732142,-1.471658285389,0.410417066529297,0.235110239483495,0.0186224921030469,0.881275494943411
"Angelakisella_sp910585535",-5.54284249746434,-5.80171305706283,-6.41087736114438,-5.86189033477103,-7.09824085104646,-6.86779666862021,-6.41689418603427,-7.15321310576611,-1.22990989131126,-0.548326353265871,-7.17013404431724,-6.69516681139142,-8.1922738740841,-6.85705060188221,-1.99616677527528,-5.48201133807714,-1.71873744932857,-5.60399607463789,-1.11233364334823,-5.910022814067,-6.93306638287493,-5.27892947282957,-7.18325441052079,-6.70706371817064,-7.15476279438506,-6.66696197823733,-6.54732734378864,-6.70720851285144,-6.16603749635386,-7.13149444595647,-2.68735015358153,-1.71727505893889,-6.80907518304677,-6.50259424806501,-6.41116480848204,-6.03198813669705,-5.28760663814102,-6.29125221600931,-6.92750815610581,-6.03754817214509,-6.60091981474826,-6.92092681236009,-6.34124984068428,-6.0405164860488,-2.86651491554727,-6.23300667623628,-2.50803654337714,-5.02227271255203,-1.19723872648369,-5.64353072083591,-1.57990491696327,-6.31094475885373,-7.31477950948385,-6.2404531691341,-2.43745800084326,-3.82278797847706,-6.92092675117767,-6.06148202267801,-6.33993836845987,-6.24464164105128,-1.48869586595924,-3.97077527437037,-0.844235997985436,-4.41064085372321,-2.0666207385092,-3.28473696632736,-6.50662851350733,-6.64605245890637,-6.48372329384826,-6.77723098894523,-5.96196746486149,-7.14170660740091,-1.92328748639564,-5.13866221402405
"Avidehalobacter_sp022797295",-0.427431393658152,0.246138998168087,-0.594407478119598,0.435484031463636,-0.707883225803268,0.257824515087162,0.123353130414502,-0.19623029052288,-0.932187111955962,0.0475145353073039,-0.312327067419901,-0.0784741825540358,-0.360394464583605,0.728244798205727,-0.467569549145583,0.476138640064224,-0.37209295990664,0.309385319720041,-0.406853799098677,-2.26692615197741,-0.405082361773596,0.905310788295996,-0.158182360962108,0.237019527420481,-0.34088705361812,0.384521918232515,0.466203113971993,-0.069203014483362,-0.630347579751604,-0.182891118224411,-0.392366615343029,-0.320301721514825,-0.152818196747065,-0.114196425689295,0.0595732389289481,2.0270181729196,-0.543441196499828,-0.460617683440203,-0.86841694717752,0.291520636995649,-0.645901711413298,-3.56309845751628,-0.257077536962745,0.0816825513451178,-0.625016859452213,0.591826421054312,-0.730805796228456,0.411408417965509,-0.268264553994598,0.892900668247945,-0.49088225593681,0.588610592690392,-0.000566979659398115,-1.33994194224815,-0.199664052196837,0.0420780503834557,-0.105021202123799,0.275507813286492,-0.927970897985398,0.178308037659331,-0.601272389573586,-0.504145708223493,-0.385129475249412,1.7919533172905,-0.894674366033865,0.356153419518002,-1.10954877901008,-1.23423012417671,-0.423564457326194,-1.80609473607098,-0.594665454637422,-3.48048264729093,-0.789637395492365,-3.39842095890763
"Bacteroides_acidifaciens",2.51953965666297,4.39711640979235,3.27006844737687,3.99133671127507,2.66127040182307,5.10633196939775,3.26054354861282,4.49577464158608,3.1738739465431,4.93446160026314,3.50502350502503,4.85131899517837,3.35746755381257,4.911514735388,2.67594198628778,4.72849584286065,2.47183039067608,4.34118367106555,3.48074931646546,4.72475660180689,4.18159174361443,5.34296045967485,3.12062050964025,4.34702205604052,3.02044030863653,5.34932276771388,2.59627417647502,5.77827080522505,3.12847338752968,5.95518413358969,3.05367614606739,5.10799690710373,3.23570033323489,4.53804789048345,4.30088105796057,6.16701410802982,2.4485943220138,3.78312442649172,2.96422332986629,4.31771223208676,3.25578654272675,3.8122348249338,4.86609790578366,5.13435950468445,3.69106643859219,4.95102540294026,2.92415864468159,4.73654083091538,2.83145653316373,4.74046683123733,3.69762239574238,4.59031194019948,3.33113733560191,4.86858273510558,2.22419614555451,3.09596675781915,3.49504390914132,3.462734230314,2.56852723495574,2.75778571684987,3.76404643095208,2.64674377325176,2.92051242716307,6.00540087085124,2.21708785681598,5.24087774196263,3.3566588629706,5.31578391808004,3.92814908896131,5.47357024845801,2.23912398491777,3.88459220477255,2.34746050638505,2.96817590417527
"Bacteroides_sp002491635",2.21835407634091,4.79889281466051,2.88682592760204,2.52430504998636,2.27460850120906,3.80299341075965,2.78646656308726,3.84720939829887,3.05121074965088,4.33907080256073,3.08334476992842,3.68782746921328,3.600039074351,2.79813896032486,2.4473764769849,3.50304454095216,2.5190841409119,3.51696791626275,3.53164238967274,4.04821985211154,3.47996558929198,3.43582136293856,2.91890992057255,2.9415610493104,2.85733498161143,4.69611967544899,2.7512469994671,4.10107067681237,2.77473409674351,4.15112424302944,2.58407266519427,4.14885643877524,2.47280239620159,2.76265686091197,3.66509093230364,5.52647630604738,1.9666843631181,3.00526496710666,2.41404279749879,3.59565823167697,2.27319845031337,2.92173272945815,4.03097285847783,4.23277078773808,3.40683593184367,4.46325106512236,2.40293613768453,4.03243236341085,2.2148435328187,3.74873325032443,3.61724213314058,3.43498468054145,2.53389970262792,3.32212705028754,2.50287594800385,2.67124784881953,3.5565408347878,3.03865982157194,2.76605830712112,2.39293117398041,3.77254246966347,2.43958663680581,2.69597633395745,5.25831724961241,1.88843351761416,3.35454716953249,2.70977279323296,3.43614209763828,3.47845917755931,3.79777346464413,2.70017324368263,3.40941937317071,1.83993587686742,3.44645088251605
"Bacteroides_uniformis",1.43501618232781,1.93470169839644,1.48779778506027,1.78771214574285,0.945900446624357,1.53409977386382,1.20286124604108,1.58184795667049,1.16540595260908,2.22519457217851,1.09519726446009,2.60399591737064,1.45774914281968,1.95376643156452,1.66863422616418,2.40851499940121,1.43468991406929,2.20702584644558,1.24961309495883,1.92334145223732,1.31194226081054,1.2319685648302,1.38309655177514,1.56444448546524,0.960716475196255,1.89109997713079,1.83467654046552,2.04097613502402,1.26926644847296,1.67714499776752,1.84452884688594,1.52297930077067,1.76966471967319,1.5606164676309,1.75067453181825,3.59896911409287,1.61351200907422,1.54918924184676,1.2514125207877,1.50918039617844,1.12672707942682,1.72315807388337,2.00204819582225,1.62637614346138,1.44774050874059,1.53720523902377,1.3705131927861,1.63026639203228,1.71084142123885,1.95001807440828,1.50308778976228,1.90063459633452,1.583656017771,1.9300624996803,1.29485170012506,1.48178139427053,1.48997271530938,2.02832744237202,0.979050072528173,1.64555358317436,1.51264566586318,2.23693399787471,1.86282369950592,2.32145477353987,1.1549064397886,1.81462295934468,1.47846043699223,2.21950877640426,1.35014765643179,2.12755588809033,0.79124152869619,1.45420383138728,1.08848768517749,1.37694956155373
"Butyribacter_sp009774235",3.43419017677007,4.49878457488475,4.62759560478549,4.61466651376648,3.15132620431081,4.44229290047364,3.74901963500893,3.42816459502985,3.83890923454778,5.02268337250116,4.77109926893125,6.05390757825533,4.55474267763118,3.52968813690214,5.03421389600971,3.60686528632325,4.05018728848346,4.29780216019612,4.5043420965873,3.74996813718278,4.21431931225503,4.98449934703337,3.85729525255951,5.13167998568947,4.64410197554061,4.8807424718518,4.29243900780366,1.60641184950714,4.73570154136581,5.2493946771542,3.04027037790314,4.06872786837146,5.21169135791307,5.22181151409406,4.50627202213812,1.97065626574866,3.88919937488603,4.7677091255415,4.19831268922787,4.43215793151859,4.04405912613844,4.775068479217,4.22393165494943,4.50142686849243,4.6842983434571,5.04141332178185,4.23449539036794,4.92883731469547,5.04924467823988,5.23716631376954,3.59577485581487,5.23093241755937,4.67053014868413,5.44757913869103,3.03088834078252,4.90844966101732,4.62966293926893,5.02349959459916,4.27673580810358,4.62676246320364,4.14375953621726,2.13567268218786,4.80196481460576,0.991628539266673,3.55526331999673,4.8922278737168,3.05653766948262,5.2940858622757,4.09048956027177,4.69321013141328,0.015283479746639,0.838937853847108,4.48930176465488,0.360932249142945
"Butyricicoccaceae_sp",1.47041538974207,0.940912030379033,0.817076016958094,0.887695469277659,0.923681337079907,0.56327246022528,1.94495796406419,0.11611451756813,0.913396421119911,0.956164838794164,0.654542046290238,0.922148691555796,0.919061479976209,1.11233461297566,1.71324360414627,1.17663368387369,1.66050794307929,1.53229181851371,1.17873063192032,1.49146246634613,0.935849398513232,0.96017897152387,0.857067425475336,1.08270630712897,0.704394262870501,-0.156704507284612,1.0125149179325,1.01346732503458,1.03832213046273,0.787873839595376,1.65080798304128,1.66216878893792,1.35338027628413,1.49097368987719,1.22210527135177,1.05679930000406,0.981883339985421,1.21758479739019,0.83456332292964,1.47836194522578,0.497030735351295,0.32451237836049,0.422286070040702,1.12098460665722,0.962029478045103,0.959532492177718,0.898580069252514,0.876658238133201,1.50250209638919,2.0805833789416,1.01152608763064,1.80463820466967,1.94376313733809,0.448517821097669,1.36406546632599,1.43855674837765,1.14148698938584,1.84941820776136,1.11786949340705,1.65367634005432,0.491835350158235,2.04302755620307,0.990617991588127,0.555033366272466,1.16198612917293,1.97451989781311,1.27831822182911,1.31789623703951,0.875122547891946,0.55730217397101,1.26450812261209,0.598034880887097,1.27334528780414,0.600861960825961
"Butyricimonas_virosa",0.827809982581037,2.10100001987444,0.758291132703839,1.09375203240117,0.388121015977349,1.36741788862082,0.775404410253225,1.51223813662658,0.823516732074639,2.00787239996077,0.787578068704551,1.84573931270073,1.01129340262477,1.22811162936784,0.839839059238939,2.06437219349984,0.653856688694978,1.47533434958116,0.774760341165891,1.62065254593412,0.9672029701917,1.11035921653412,0.978520427828384,1.05328923838028,0.68817006409607,2.0313688071281,1.30505282587984,1.62662268343996,0.643032916832606,1.58035972295175,1.39553505353631,1.50504369371263,0.710578189997088,1.13185800553995,1.44640203622166,3.47440365531272,0.888779995806733,1.09374950405742,0.617892399906427,1.1210631272841,0.448344704130747,1.29512645199723,1.57121780959903,1.58691156426889,0.990645443546663,1.73431684517411,0.838624592936265,1.53753196749085,1.23815429121856,1.72638847594873,1.20672061939668,1.64263587819824,0.8740178966735,0.913230971079185,0.699559575145416,1.0258288054928,1.2794794759861,1.57958211904518,0.475556186966422,1.19357135706217,1.24800373301242,1.67419146619262,1.19043724515662,2.60312057285259,0.496820387582787,1.45399415568274,0.703624050044949,1.78132108516146,0.986202578170838,1.82439633036855,0.162681018542637,1.02256713644168,0.38802751817019,0.93543894535021
"C-19_sp",-0.478625361239521,-1.95103390163275,-1.90905543054014,-1.42236869801485,-1.49635031411168,-0.860946823625879,-0.155695740856322,-0.0620517100397109,-0.738968438758148,-1.00045156311691,-0.475057627876335,-0.749337826963012,-1.36995296212442,-1.44403181504861,-1.09570740800847,-1.50753624040625,-1.12411029759835,-0.791989865069437,-2.17045194834148,-0.371438290593961,-1.3647277985238,-0.560434637121864,-2.07083740580259,-2.13009932354163,-1.15666823557055,-2.10483678990795,-1.46914687259147,-1.86770409385465,-1.23969889341469,0.826935924090995,-0.577980448390296,-0.736053352071806,-1.37947690344692,-1.39247535949604,-1.70849692908363,-0.0480702234133368,-1.48371748190807,-1.5090090689998,-0.799007865589862,-0.891806696328665,-0.507525179405672,-1.89049886541041,-1.18762169989084,-1.55438603742218,-1.46874628989875,-1.48511653911786,-1.2590071455746,-1.60724361339832,-1.31749977926208,-1.11110125924619,-1.63141088021773,-0.462084831826941,-0.0168785439256265,-0.242303328283466,-1.53116457617423,-1.86707503910861,-2.18526245437348,-1.80953062013455,-1.76820923934367,-1.86996127154717,-1.23410313027034,-0.893886063631451,-0.786954055953686,0.355620419423111,-1.4228411592276,-1.16438562001602,-1.32036554078048,-1.08917686341503,-1.20271546397651,-1.19469927108689,1.52961288448198,2.88541312512056,-1.25122533046923,2.7687086333339
"CAG-485_sp",-0.174916825545708,2.448073319241,1.48915154759854,-0.645566641957553,0.974404385350676,1.5391062642088,0.628634063279419,1.18384706582792,1.23481931559278,1.46209997726814,1.30381366067613,1.09425549409088,1.2328219750139,0.0694102160776033,-0.559561076448547,0.586721423589074,-0.0988701474005627,0.889289139729858,1.16974954386782,1.61365321008246,1.38426572768021,1.41712436777681,1.097857573006,1.00125393950941,0.0924831650921991,2.36479564848866,0.287968122710973,1.32557339891402,1.31238710028601,2.14956400690321,0.759322903115311,2.00099230208975,0.174731947658886,1.0464640627242,0.872778922832088,0.42441703786667,0.305982595840701,1.40369355315874,0.71972971607649,1.35518530185198,1.17738396618118,1.00719028719584,1.27632591998012,2.30516252327153,1.85833226041544,1.98370040816809,0.509784207809455,1.86270595768569,0.0189468321918902,1.16333562684959,1.49655140355204,0.582505306990083,0.456269982221846,0.592907424824181,0.33658453501015,0.834607092397357,1.19486188814748,0.87729761517722,0.176026544361388,0.654546998325159,1.41484379736575,-1.63784329681634,0.570704551161594,1.06995447149673,-0.434528627229721,1.18815639392019,-0.135608578383456,0.823178216486701,0.710180733558314,0.768044345424203,0.536808853691353,-0.384747367378361,0.014864537939161,-1.42850551851202
"CAG-485_sp002361215",-2.53385599531448,0.665685288129779,0.470616458117357,-1.19416653892917,0.431451196169865,1.07209581628497,-0.0469579497963828,-1.92615101416225,0.865071189191138,1.11867374347073,-1.02729619311775,-0.996345509283684,1.16548665987292,-0.145409256053362,-1.69685199086696,0.589275421232406,-1.00367881317881,0.529449125896321,0.261833632407935,0.274127143136887,1.04772790256709,0.590975787429926,0.884139247457711,0.36300229372503,-1.10660238719209,1.50504080299346,-0.770802179109971,0.164378158388475,1.05908540609395,1.58267419479844,0.15959016862141,0.060613265311348,-0.180889256301494,0.23153035964109,-0.0356376071782503,1.74227034403796,-0.0375892605404413,0.587059005327507,0.392397906133159,0.888753298582024,0.938723882510851,0.49649920622991,1.94351245229632,1.43160423668141,1.63246227145256,1.57857166671564,-0.341490877367963,1.28018223300942,-0.775331810173363,0.787051400641754,1.27241856652981,0.342083580906042,0.796244058550203,1.18680764506703,-0.442061851466354,-0.669417452609025,0.559771816239863,-0.304650474098143,-1.28600916673546,-0.554359889823731,1.20423687190588,-3.39320118814023,0.430540063057931,1.01465664094804,-1.71754889222831,-1.28817883764541,-0.456060385507962,0.562141770017496,1.0989490134344,0.585362085278776,0.684779028389269,-1.78872872563995,-0.952739473866373,-5.7744220176145
"CAG-485_sp002362485",0.712409051683858,2.62324638391868,2.08616709969038,0.0315710587399618,1.36993763106298,1.70536261894243,1.08157429798308,1.39542383775242,1.46889333960107,1.66435655123452,1.87295837588857,1.358708163702,1.81952510471737,0.488857182989793,0.0285402942745741,0.876828835793287,0.390917702277592,1.05667716956564,1.53653841341271,1.66366109795343,1.90621869891444,1.65513360083743,1.53542748735116,1.30311703602558,0.58865202632564,2.34325592639796,0.7429624049387,1.39904137520507,1.83018655509922,2.40772601098453,1.33900050250707,2.40114977659393,1.18177312031118,1.5842347608959,1.3409771098994,1.48789872985475,1.01664402204615,1.68309644178695,1.19479038261373,1.44143482857012,1.58655371542697,1.23117544490081,1.4048259286371,2.62652592594339,2.15252883948222,2.19618482912253,0.989920472211072,1.96723565857608,0.838497174394123,1.55801086441699,1.78216650423636,1.01935342250457,1.12255998208867,0.453205706185535,0.861255244903024,1.26085531204681,1.61853444305567,1.30317858386896,0.874396206938762,1.12963942920304,1.75793631219183,0.197670301314227,1.14618355303412,1.69559299392338,0.364729530786725,1.65111873554785,0.552570699432035,1.03031529889702,0.799362130214256,0.925661885449665,0.97894264812054,0.389189887273758,0.73492696766592,-0.15477920100358
"CAG-873_sp",0.773054155663155,3.69306387234405,2.38781214182611,0.823850639088363,2.08723096371618,2.93278856899297,1.70814388854899,2.18442014977613,2.63418233184725,3.10770356019867,1.7550709991928,2.15917052503668,2.38507061629076,1.63565466206674,0.475996489695349,2.31946868198424,1.26671301338072,2.24768127652932,2.47216875846789,2.85677492139384,2.65212434678904,2.80541280816367,2.34825507843057,1.98844033454064,1.49637260857968,3.87259817761908,1.36621608384788,2.80054146366163,2.44496624107867,3.55015649840927,1.65127193453715,2.89490717640084,1.06748576065721,2.31651258944703,2.12122079207904,0.68566322998638,1.29909550304645,2.36897378069195,2.03653145626872,2.77653327536292,2.49124021372502,2.28003013324754,3.52577373297343,3.44335534761987,3.20592122683374,3.25065600164406,1.51381406637196,3.33183475240674,0.962054009709478,2.3813715490169,2.78759362736915,1.93583316295397,2.23545767534789,2.52879262194394,1.57859240594811,1.94447522148695,2.71736736139586,2.10334370807102,1.12558299664532,1.46200398819995,2.7359930823509,-0.717483272981781,1.73475100079109,0.423061352242923,0.312805859712631,0.817426490570965,1.62371406527616,2.7973724484192,2.740023143303,2.75265798777578,2.14173190289097,0.214447380120889,0.798855709593804,-0.574596707414301
"CAG-873_sp002490635",-1.90241510239247,0.884358794965438,0.499146394393316,-1.64974444114173,0.392538666287349,0.691310374059704,-0.945206555768999,-1.097674004308,0.370974567178346,-0.0671997170606886,-0.119331161619179,-0.715630707095341,0.226473384373461,-1.06288589138326,-1.7142481774126,-0.872364109747057,-1.11825985537487,-0.696423997914977,0.25172184623746,-0.0386425063668678,0.100466015718297,0.249543523859048,0.215502835161042,-0.166722933921056,-1.08277048485908,0.776621725250973,-0.792872375369782,0.0344987253600504,0.373984437676818,0.636600653462837,-0.233079836249528,0.373201305003517,-0.898270774180627,-0.149419954389586,-0.333324713975735,-1.52598925713187,-0.605224667407844,0.00928079408312676,0.675373772118938,0.224305455309894,0.53090039727252,-0.205105176349459,1.30595753002066,0.674334345701084,1.06045679659461,0.473058624221188,-0.448223752181427,0.626838912584553,-1.11814284574525,-0.214166926034048,0.6416183577601,-0.584505079954036,-0.0579056666289564,0.322806822466259,-0.611693439244206,-0.46167723146945,0.149949727211936,-0.459803661740407,-0.637294706809858,-0.367323938248946,0.685170624035734,-2.70274905112706,-1.14593390265323,-1.33470930878156,-1.54817566431712,-0.889600385299957,-0.730538610144741,-0.177985954322807,0.292031459007235,-0.0974952510702476,-0.0624710782947613,-1.0266148608873,-2.00893929167075,-2.54168644224519
"CAG-873_sp009775265",0.920138915132732,3.98597139948867,3.00846126362069,0.953263233577642,2.55589287331647,2.60241261104268,2.2248016041959,2.26516673972696,2.66515878343508,2.98636558031625,2.02822685073607,1.84292644834785,2.39220924583958,1.22159096118826,0.864083630773543,1.70868983830648,1.28890129085499,1.5584538948934,2.71039302545543,2.70532222353481,2.65217688319407,1.7335088327177,2.76866898227488,2.07848778741266,1.95658281084239,3.63109135699993,1.65724739572603,2.17308849456504,2.90495053411879,3.80643053253454,1.88457134042198,3.08237491879378,1.64381855542261,2.87142790481288,1.78903228165702,0.670419509815295,1.75303918922541,2.30292417329295,2.18575661117575,2.21111141301546,2.6387087512831,2.03117270966613,3.73959165943447,3.99906382643135,3.37466316235741,2.77775894228112,1.57382845889876,3.26257949658229,1.27781995434106,2.08426890889717,2.84829365247951,1.69588503067576,2.78421546238221,2.3969445575632,1.69464508763904,1.67049469831881,3.01692809034806,1.81005330545483,2.00087527859794,1.752419736792,2.91860879878347,-0.374737935103532,2.20646230844433,0.375996845787569,1.20786374325528,1.40472389100667,1.87722459067557,2.53382918961392,2.92603901318583,1.97343964790231,2.5466518076849,0.90893203962329,1.43553984794561,0.195801863094518
"CAG-873_sp011959565",1.90200228255758,4.68485149984654,4.10880808965283,1.45925951352844,2.71468129979237,3.57070741139268,2.63365029560966,2.87443239625079,3.27897711172989,2.97375714367772,3.9590258935332,2.54167852571958,3.59979061038614,1.47002897085949,1.81521906509877,2.64502213585464,2.29994386249386,2.52196439414412,4.18115475098012,3.64251687283691,3.41881013785468,4.28591290012167,3.51930499100295,3.43590516023934,2.22795142640181,4.30604682457079,1.42787829910323,3.68767263176745,3.64584803186191,4.03734426993944,3.36490390237837,4.09130528955286,2.10454528831538,3.47586026466948,3.18695211481661,1.69156948469799,2.75267126498946,3.99528285006139,2.87845769053609,3.8052008737221,3.5508983702976,3.36064050541924,4.72035380005758,3.86901425398684,4.53574327437502,2.5510778136125,2.63464522314204,3.18391141342026,2.33499364702163,3.18094274669578,3.60276141725694,2.78731633826283,3.4411794442951,3.78925670342786,3.02249801224505,3.12255206156729,3.83629584328683,3.22997078829313,3.04756384033679,2.84131630540573,3.76806503473302,0.246940376706698,3.28267034335674,3.07717339068495,2.12466603233537,3.58404951554613,2.7348283262274,3.83122301536768,3.93638472516677,4.07354244758079,3.36489101699751,1.2747473661549,2.16660958096763,0.331677554042447
"CAG-95_sp000403495",0.505021377682723,0.297751167826133,0.496966411169218,0.551100591565945,-0.186823494313133,0.352220023730826,0.593090016139778,1.31711390505017,0.184887385442192,0.982785595172503,0.946499870668356,0.173942155239926,2.25953600148909,0.307910186315251,1.09524031305393,-0.0305256103859826,1.23812598242995,0.114929354416557,0.877915357965151,0.277984071477537,-0.314972148369547,0.00587744088143793,1.83426660050673,1.29922931297002,1.6217219490034,-0.355649666734898,2.57867643961547,0.308917191530972,0.519544635169359,-0.533609164025648,0.842278184684275,0.117062849319083,1.06473824054991,0.75573895571114,1.32084355538288,1.16255548053507,0.111193619831823,0.283050490327328,1.30488311428425,1.55021492825032,0.338707914751577,0.536129493637738,1.90736277183284,0.363981340267427,1.16969751274806,0.455049759152828,1.56946514776627,1.18240741221882,1.71876847490943,0.238781063639616,0.45388242804065,0.127720472864612,0.244826655466555,0.29097101745309,1.01307273048866,0.88302753853344,1.60661835726549,1.9845840830617,0.669064143811724,1.63660832262358,2.1565639512846,1.23239170063714,-0.0487383756682949,1.22605821256026,2.09580891980825,1.55785983823587,0.378891927042233,0.0120216682142562,-0.352260360783777,-0.228001136229675,0.0883933479262264,0.159485829587402,1.16972412165221,0.0660907246700511
"CAJFPI01_sp022801715",-0.729374965665388,-0.900373096559145,-0.397623501689765,-0.60626914997264,-0.739161632778318,-2.48436095355425,-1.548255627121,-2.51934304603352,-0.721446469293539,-2.36136752320231,-1.34615088122511,-2.6437946015676,-0.10223987477082,-1.27235989675457,-1.88709662188145,-2.94964827968273,-1.99332914411185,-2.45026747410472,-2.61444690773758,-2.04247731098325,-0.866924708909002,-1.80936832569484,-0.0432041329268475,-1.9160324640236,-0.855410750120166,-2.80122738962828,-1.77738615306773,-2.96072192654122,-0.971879133909665,-1.76332625356346,-1.33122514246166,-1.11806317705832,-0.706315230560183,-0.968528751353654,-2.09427232688045,-2.70955503607286,-0.255266202380044,-1.37140765904727,-0.632051361906854,-1.08231951412249,-0.472789767578213,-0.261024660638579,-0.80946229315486,-2.18232408709033,-1.01284213220322,-0.972497630819566,-0.573988522982418,-1.96538976127238,-0.379720614940064,-1.69415618560734,-0.607727665717352,-1.57559068275756,0.0580733247568883,-0.760354902977184,-1.12280695979885,-0.578680886106332,-0.259999840683705,-0.408546301318303,-0.358486654433717,-0.177633779730899,-2.5770550631669,-2.33580479300022,-2.3306727408537,-2.37402993063373,-0.66374238978157,-2.69401485076631,-1.09809610234296,-2.73504410547286,-0.542286460203476,-2.52259029920081,-0.012647477177115,-1.77515038263403,-0.000474595836713831,-1.87470286173059
"CAJTFG01_sp910575705",0.0811255043492451,0.0647547869614105,-1.06007811882395,-1.08706839474119,-1.22106021914761,-0.705428417325459,-0.259223736136745,-0.680930078293363,-0.637442877837904,-0.41817133339076,-0.761113789064007,-0.450478305295,-1.02653048101329,-1.71508810484235,-0.921240682873973,-1.46692995848,-0.753970282393531,-0.917606362104129,-1.22689581720616,-0.874310340078095,-0.675980754101573,-0.737483861011336,-0.478453794128672,-0.458728406695728,-1.25157781043605,0.00119728912856587,-1.22124808810034,-0.766208909403812,-0.700713709444274,1.25912999781153,-0.940590191026535,0.464199260854432,-0.926133586765777,-1.06282933323252,0.132701263900554,1.48143086757754,-0.906412014927032,-0.729473115199914,-0.52122396074963,-0.20774728860089,-0.75586222945415,-0.622491492127347,0.176796594338258,-0.399555405293508,-1.04418986764862,-0.158819740866397,-0.7837988876922,-0.70474549244209,-1.45034420966383,-0.129726211569116,-0.494138006088074,-0.92592859410774,-0.439060835443488,0.900757386542185,-1.42712779637823,-1.96690584141841,-1.39949694599932,-1.37751864162644,-2.14814287965648,-1.71119365550777,-0.952951179594843,-0.550016914684342,-0.785800855593818,0.0928014670138797,-1.18533125556303,0.0972354748410087,-0.719197216062145,-0.0185924783930282,-0.677212197351166,-0.0195323750180521,-0.95958040331322,-0.256653529194951,-2.05935031809537,-0.431342960858432
"COE1_sp",1.34000177002203,0.917749802914877,0.749522602154586,1.50335549062721,1.70129942684137,1.21977059398897,0.951489120583586,1.46429714158692,0.489024786964965,0.97702120829822,1.19219126930981,4.49884078377351,1.27844164426821,1.2878502158306,2.07068028019246,1.74689218749743,1.55052246034171,2.43790887952231,1.10109821734554,1.67783096018573,0.843305530641185,0.400587274071917,1.0518630050428,1.08557604214272,0.93882363636882,0.693110843744789,1.74485167421484,1.53705691223136,0.697378532764516,0.89790936179509,1.51572921486624,0.97693244723739,1.13816158613106,1.45369662866043,0.733603583624131,1.64071084149112,1.08889825269016,0.498262383014252,0.791575382934424,0.673415828615017,0.329395117681976,0.98547591763521,1.17585923844587,0.68700081237259,0.325303115604127,0.637276625265944,0.4740288592445,0.624209001868449,1.73377233494374,1.37467468310707,0.629481698515042,0.775771560795812,0.96974483901206,4.17238600694183,1.06473176321901,1.02043364394892,1.18616473924221,1.19852962027962,1.39094937600342,1.1704568531634,2.12728683002911,1.71040380069904,2.06631628017721,0.741704436930959,0.897436341652318,0.809232111351426,1.11626136221942,2.19457819697094,0.656830276093974,1.4807969287249,1.20355503533222,1.13844299191158,1.17881887487709,1.23794848223179
"COE1_sp000403215",-2.49011528841453,-3.14828903881597,-2.64797900286129,-2.71935679682219,1.01329726747102,1.6027381854044,1.48498786785262,3.60327982927516,-2.89129239920524,-3.01644386042378,-1.51168645477723,-2.79473988933451,-2.50497383516937,-2.58899084288626,-1.95827488246381,-2.56256134344566,1.77089569330437,-2.55641816177597,-2.04105419630394,-2.71870786988024,-2.78949369327036,-2.35870993957193,-2.8395600812629,-2.72039524364397,-2.76721585505371,-3.46657900944413,-2.7194128906838,-2.78940434588953,-2.64037410572067,-2.91209247077281,-2.23138333645387,-2.43579459359438,-2.44829807244996,-2.33383787331909,-2.41046711152704,-2.06159958001553,-2.96583452390837,-2.94032972557099,-2.27239714193756,-1.89583318216386,-2.84770986116195,-2.46226922126964,-3.32664182003413,-2.36150453755578,-3.0206969148236,-2.7225899864768,-2.5715627180781,-2.3440928261288,-2.21037046342196,-2.39942222629332,-3.03873233509145,-2.60098852879034,1.05032245677883,-2.4832435284301,-2.39641986787236,-2.01321190897843,-2.2006994910345,-2.20675474788494,2.43293444249636,-2.03221623722354,-3.53794365036396,-1.98188851313664,-3.03603448604995,-3.07392862823072,-2.45450006352569,-2.57988676764666,2.19118077271695,-1.50071798786364,-2.47931205139102,-1.46648025910711,2.86988540176426,4.24568891841273,-2.05865315245062,4.1193327199906
"COE1_sp003513705",1.25828055319552,0.834805050365834,0.815154113643002,1.23149686336743,2.1387565384773,0.910404641616761,1.05841357504764,1.45430957170172,0.498866830372316,0.913078022954348,1.17643116469003,5.31641858504058,1.74884826544798,1.60196372360868,1.41286044672573,2.1833300131962,1.01430242410268,3.19078807341125,0.838466838905767,2.18929094630832,0.890776545366016,0.348362571237699,0.911537688572869,1.20839369228111,0.585815103504828,0.868728405110941,2.11681251805659,1.65022330565604,0.789927903427152,0.992654437829252,1.35092220332801,1.12080992090922,1.4773304164717,1.45740940689349,1.15527703057559,1.96332829376005,1.62210556701334,0.88489965244761,0.816163624812067,1.16501660243219,0.56853880965703,1.3559097809069,1.73653335342432,0.66519229515451,0.543653877488257,0.634111495159692,0.522779838696799,0.79677858382926,1.55457562654325,1.83950938402752,0.630071121225289,0.973214342830083,1.07418717284954,5.03898326413974,0.683178073666655,1.04871088772316,0.845614743066466,1.16436169216621,0.666310736187567,1.04770644428094,3.01249475934067,2.12190997879652,2.97506049947756,1.00549119982693,0.738188635595463,1.05041474983168,0.71253220201662,2.98980107866766,0.749891640210816,2.16410972755246,0.732276238992915,1.45378933536808,0.790176267909452,1.50142147246862
"COE1_sp910585765",3.13521127036334,1.4571482138628,3.63178827133789,1.70219155406947,1.72756061251058,0.430489648900563,2.51107277073227,2.06678987757029,1.0257391001061,1.77845931616476,2.71310420622479,1.03195361466,3.5530264817213,1.38082991162703,1.59682114377754,1.17251117503594,2.36544128194301,2.13616991328812,3.13495783904459,1.69010772010552,3.51242412128939,3.29372275729018,2.96888007470788,1.00678042356896,2.84681165035467,0.188324092957949,0.583374670267641,1.85390197798652,3.25950006055257,3.06733701773775,3.08878198577044,3.5992340791787,3.57884034731116,3.00078875703845,3.6784931123733,1.74517891970682,2.94603212401988,1.72756147603758,1.83251868059272,1.0132150410935,3.18828708424889,1.38711507190301,1.87359057556681,0.0194095091330819,1.28619361090854,-0.964116575618748,3.13228634991031,0.757923355833762,3.7831608037446,1.13795845708544,1.10217557442769,0.657596069360141,3.91178511098845,2.07947139323473,1.80059345652294,3.08125050329366,3.1462293502138,3.64859337436675,2.49115120416543,2.43832639835025,0.812331755764646,1.7123000422928,1.82708558883662,1.62170885463817,1.66254098384562,1.60712762451224,3.0701821891409,4.04850314430372,2.79872499264324,4.1030014590154,2.28833306690729,2.54866838897867,3.15331564628413,2.81295744962614
"Caccovicinus_sp910575565",2.51351719201825,2.21065078925674,2.13281913750345,2.15978711381147,1.84540141358433,2.51119105914646,2.37363382588485,2.47660619354782,1.40657126788009,1.16718116220924,1.58194241788285,1.88373116593876,2.22367255401298,2.02316024552665,1.96703503917015,1.93119081828033,2.28777214698743,2.002810852321,1.81003233970481,2.60091958376098,1.10508562395779,1.78054407514059,1.81154590887169,1.89063357205443,2.23073222829958,1.80817241769153,2.58664266279277,1.67676058579555,1.56411522685175,1.28921663451766,2.63653040548751,1.52117227691524,1.78096802972265,1.85265698182431,1.40950515829322,2.96342120772368,1.74986423923815,1.81310344374865,1.69794318799122,2.00942174664688,1.57996864835406,3.02720806140396,1.64893603246013,1.70957632125088,1.3511997085577,2.58073043989705,1.50570389100348,2.26514564244644,2.20479310888348,2.32500963618958,1.62211719656642,2.0575334283287,1.63051470000735,1.67978799087974,2.33630881905381,1.94614767326869,1.61004076599602,2.23512880207164,1.90008219871864,2.14189489396276,1.61973111856645,2.17992903294392,1.82451928582545,2.93389855728769,2.40210262788642,1.76954597701266,1.58949394334353,1.55530978742514,1.23626128752947,1.16358770541912,1.63540665994972,2.12726386729151,1.78832311683739,2.2664319650067
"Choladocola_sp",2.45861884884455,2.43736921761775,1.82272334367696,2.58359605262809,2.17406294309671,2.76460261532986,2.68118964399305,2.77256514017765,1.94367811999341,2.07465794944444,2.60936941882571,2.91882454883224,2.21004212669558,2.8481359181474,2.7054734088017,2.45112983529134,2.5338362239604,2.45310597667114,2.25886667567492,2.05486422192146,1.95114295646592,2.78646174911383,1.75452934966329,2.34717269436084,2.22327612281216,2.30673525387027,2.70387495794936,2.36723635134013,1.49307898899867,2.66927824837239,2.50289205297228,2.91235249532363,2.16931661846795,3.00267693050271,1.68311538032582,4.36267863879358,1.88507503849161,2.42085422061995,2.21730941754823,2.56977215273955,1.4741242873651,2.02364143430812,2.27123531903735,2.21350265240775,1.60145267054803,2.18130114978734,1.566257836489,2.45846975701784,2.21761568549539,2.74959362743338,1.61128017751918,2.69335004711573,1.8350656365036,2.56245300052178,2.69996625157864,2.90517649289951,2.24547930330743,2.39009816996435,2.44046281227893,2.59734323847436,1.76185654840519,2.85932282091303,1.88454312192139,2.63625060443481,2.39225419455818,2.05224003809917,2.17854477449709,3.01423093825674,2.01687071393184,2.64889119470279,2.00650575022886,2.92003771515469,1.91728289172934,2.85434554500759
"Choladocola_sp009774145",-0.748774407583278,-1.50738845634859,-0.413855172911626,1.6464047368747,-0.810648824221254,-1.57897965625709,0.682055044853366,-1.64056357692231,0.839518204541045,-1.72769607607302,-0.285810589874137,1.68502515687494,1.40678545487603,1.93206985190186,-1.30012498010987,-1.03456317531372,1.29294514827747,1.00545887376139,-0.0581610678621391,1.18128038292049,0.354312110678082,-1.77080551730486,0.616954437771206,1.01848138455027,2.03792203765717,1.64639511523409,0.850212822645835,0.007997729976708,-2.19549357395943,-2.22047899471512,0.926335203438407,-2.04451071714677,-1.88295023317312,-1.74355739166153,1.94930764298384,-0.785718267540487,1.11257048135372,2.44748745352027,0.138494617244012,-0.426547664484984,0.771488040142749,0.785205084604607,1.78765743501324,-1.50342273759094,-2.60265362009351,-1.39109617793357,-0.412777179955841,-0.532187570375623,0.385309862130962,1.13423629621566,0.18757096744493,1.00867383935248,-1.9675260829558,-2.07608995456346,1.07851796481114,0.618271455064944,0.126744687885061,1.30041363084518,0.399298224258006,1.7507231020271,0.260916250396724,0.0392700128268295,-1.9987513092386,-0.660381509567062,0.0788803655824779,1.57328951860997,-2.35331548181461,-2.1907090158938,-2.55740794194743,-2.21230204895443,-0.840819885768029,1.71033982369314,-0.178518602346951,1.4078715841588
"Clostridium_Q_sp",1.37667024177135,1.04314376158242,0.98025033675377,1.72097819469243,0.686066436120457,1.17418802478457,1.38817931572635,1.60616832505965,0.701116929074999,1.45353032242835,0.928111478451665,1.68128054907678,1.22303467458402,2.22318989860162,1.59123405976374,1.91733553822341,1.69096943951814,2.00950629027636,1.11867255140066,1.42007467858877,0.888232676473011,1.76084544879415,1.17206962114779,1.83009907718876,1.3121263897667,1.26943990557311,1.67856022607315,1.60456087928862,1.01925050606649,1.16454651893333,1.45505164263665,0.962140897804295,1.41878277772902,1.22688488316888,1.32137694234092,2.36711135703629,0.888462066187156,1.24504346417624,0.783448705051212,1.05963134927866,1.17551593929297,1.37800211348511,0.997149806472265,1.20880672077797,0.816546950327449,1.48181988328122,1.10706510596056,1.46672048682004,1.22072512728714,1.67577660450584,0.920868970776176,1.48458714924223,1.34284112594659,1.03833936838545,1.42841398943833,1.39750325997424,1.26291741904473,1.45065871309523,1.11655361060693,1.35600450165066,0.733297730372778,1.64496206736233,0.985686442519542,2.83712856321983,1.35847632335805,1.04997863073375,1.47147920943112,1.30550929693546,1.01459475386154,1.72770432361449,1.03358443225887,1.26699137851035,1.04831870138227,1.66540774522878
"Coprobacter_secundus",0.0650042394106798,-0.242752119450387,-0.487636045505049,0.163891428829375,-0.364557756674579,-0.52045931795665,0.240609181235543,-0.00384794267808886,-1.06738450871724,-0.677082080790981,-0.511541018760312,-0.427681254899138,-0.585741203678131,-0.293347936425301,-0.312446765557118,-0.662325636390033,-0.540605212495633,-0.429888308023674,-0.688401276623216,-0.0978642621009325,-0.74323651927144,0.472883514946663,-0.310834270033215,0.150858702303742,-0.457610959860794,-0.648799655531633,0.0150183385387113,-0.0469459201013027,-0.388779493632752,0.159979542872021,0.457603763355822,0.10885924841407,-0.0252602409264373,0.431087207472647,-0.0291761366686387,0.660890817600526,-0.409557965468881,-0.255001411747596,-0.545680455931391,-0.593591388567896,-0.749769538927639,-0.326608820332469,-0.867179548721163,-0.380312006750776,-1.07244011193083,-0.695553156706168,-0.861392501661161,-0.460065389396338,0.0184216545596918,0.171615557765984,-0.535013199122282,0.251730942722702,-0.143187891192492,-0.434465943036626,-0.158868710880141,-0.00211278551148197,-0.470962425562114,0.426894925094881,-0.463926542109675,0.0521404765499938,-1.10772290439675,-0.358128553490932,-0.467276842546966,-0.042084420863036,-0.588969758673583,-0.718876427833584,-0.72140222183871,-0.0606867398017155,-0.73857059369325,-0.396785720296482,0.815528673843559,1.87136299564322,-0.730517738464103,1.82162377347157
"Coproplasma_sp",0.759362865738863,1.80304697071193,2.22825475338035,0.757806553244118,1.49514317839,-0.0792948962845355,1.3087702713572,1.67630131199904,1.12354433174403,-0.760954290789959,0.0122428796167497,-1.03784546014246,0.822077791702601,0.521552028245278,1.0506393750149,0.462070068677583,0.796756675564563,-1.20037649280762,1.43930337759492,1.50119440756854,1.46908655730063,1.68444729904471,0.967163217225362,-1.10153499816374,1.01856859142987,-0.291805065961645,1.26014278315383,1.12654923973886,1.6303800243368,1.43934440036981,-0.356858702540709,1.69284276373259,0.670505210499911,0.821344773332637,1.27892310207862,-4.30950567511935,0.594386330154446,-0.299212135978269,0.817942482661952,0.587741882093033,1.41080126331376,0.324711498734692,0.520852163262891,1.68024750652222,0.605309919384569,0.234525644838703,0.303338876260268,0.0492410508598464,1.04870528696213,-0.747897844190058,1.72704879718881,0.310660680460465,-0.280351557078472,-0.656053900033147,0.161861558437888,-0.392255796314448,1.5030779375311,0.654790820032927,1.74527131322388,-0.505916425528307,1.41058890854248,0.380964909244106,0.807785439721078,-0.545731551579715,0.770592328146501,0.022882872483807,1.52366312816406,-1.18763595919727,0.95840347943008,0.683303792787045,-0.791235991632744,-3.35055260764759,1.64173347939114,-0.249567393833591
"Coproplasma_sp013316055",-3.64937782677803,-4.44830873297388,-2.93408915681096,-4.42675092323344,-2.33556431792896,-6.12429419563159,-2.75785924596403,-3.44446557402821,-2.84055273891239,-4.07286196567576,-1.40306363692415,-5.2019206048727,-0.0183864410254895,-5.18216383031966,-3.57560643041942,-6.96043748486318,-1.15886975094955,-5.90834264779699,-1.15066966239324,-5.64955273195611,-3.33384118456095,-2.94901780927353,-2.15519068657275,-5.31514020311353,1.57392896573011,-3.91476544815912,-0.551012273362252,-1.42150192751642,-3.09335938914704,-2.922424949524,-3.30971478315775,-1.51250548924787,-3.45714510634855,-2.84846523444621,-3.83040530094144,-4.61808634659204,-4.42795762364788,-3.98068454471739,-3.44410609264601,-6.07279603959102,-1.64349488790308,-3.73003225186698,-4.04306775382731,-3.68110727215949,-1.64256039999304,-2.18839696952631,-0.0227433922371603,-2.57606823762853,-4.48974615427152,-4.90446526344721,-2.5691578255602,-2.23789146785471,-2.58338020657452,1.20027871589057,-1.20237212777282,-5.15489805053536,-2.5744000533321,-1.61595853744007,-0.766416524598604,-1.16605158642309,-1.79436074485185,-3.28885912049921,-4.74119600492168,-5.19819903966708,-2.66236081606016,-6.44100980613669,-3.04663298132173,-3.68332000466098,-0.777129991114508,-1.47542300356423,-2.26304382542788,-5.01429840084849,-2.22878813557341,-5.88692397256875
"Coproplasma_sp910577555",0.906365143450794,2.03205400752629,1.91055332493069,1.22451424465289,1.40511910393733,0.29185432216315,0.921495223373341,2.08649107775445,0.448643458105211,-0.242581786192046,0.38029966769763,-0.485972242111766,1.3515792987149,1.02116432309432,1.53067850123574,0.96884167353997,1.08236120842256,-0.664478637640487,1.84881908725708,1.99883125742485,1.69654966471549,2.15757940422558,-0.421629389806295,-2.47328511685147,1.04892543597942,-1.09470841136197,1.00113004709269,1.5583726691984,1.22311994517438,1.1437209034037,-0.543564455506127,1.81042326949373,0.692969413615989,0.824691063563668,-0.11563818634454,-3.43426570451184,1.09533346413509,0.179933388740693,0.698475577466644,1.03332878463349,1.32158385459536,-0.126526471341796,-0.889855834773757,2.07088468059736,1.11760405753052,0.361210429230784,0.37381292734017,-0.214143949996716,1.03753758659685,-0.685030174685117,1.72582179070444,0.528460580655167,-0.203117497280475,-0.0210541785612026,0.663184289822496,-0.533242787546344,1.14013052955765,1.12557420924752,1.49690303721625,-0.366613601690753,0.51556809508743,0.866982947932575,0.892524411982171,-0.0530775935733647,0.577947810521547,0.545121526749682,1.55912635429496,-1.8665822650478,1.2791589986679,1.14798207389475,-0.289494658860068,-2.63272983525006,1.38498070188203,0.271576384517298
"Coproplasma_sp910578145",-4.75667841275497,-3.91720087107245,-3.48895456337066,-4.68767298348123,-3.17814605123231,-5.14997344124364,-3.93312131271054,-3.65689128658937,-1.26070188118441,0.307502547569506,-4.35885175059809,-5.62788791774194,-3.18134165365213,-4.82919163845729,-4.34703238457426,-5.13783759717666,-3.98397326288254,-5.88292070255446,-3.68144104944738,-3.9357335174443,-4.19196855343755,-3.88058979325182,-4.40138902552614,-6.32554229181511,-0.742086216849389,-5.52364812694297,-3.46645668658927,-4.30812803835331,-3.95104406275256,-4.12994973403753,-5.6975778838012,-3.60072708861831,-4.85633233977934,-4.63504776884465,-4.51753199157314,-6.0831101726838,-4.91880667814785,-5.33693157519886,-4.06520949375176,-4.85832463010128,-3.56073245380019,-4.8161037334559,-5.13756720382846,-3.89374592352893,-4.11145714511673,-4.91642014594843,-3.24815328599049,-5.45383212189226,-4.67938928689381,-6.30305654335799,-3.43097961560529,-4.94393603413944,-5.1049722457237,-2.15672995977726,-2.39287601025366,-5.77058474760588,-0.277384139767863,-2.80691884197254,0.177930318324812,-2.44555591346855,-3.5760801125468,-4.98335741025367,-4.88440937397323,-5.73440465467886,-0.94225595894574,-5.5792070376634,-3.26729581891124,-6.07031342992724,-3.46117025001204,-4.19590365077535,-4.85504207659639,-4.47098736452465,0.44777842115418,-4.34615347392132
"Coproplasma_sp910586065",1.07567328405132,1.64790143690054,3.14854350943944,-1.38256457101333,2.20232189013885,-0.986482997821879,2.30007289817114,0.960052123206671,2.30927164689136,-1.82512035340921,-0.329572831576986,-6.89220934165912,-4.43665331343302,-2.86837698001733,-5.19360586970342,-5.98894359655556,0.587771829784803,-5.28579924926655,0.676828086775393,-5.38442431311419,1.44806673763383,-0.64209945986789,2.32398530534673,0.230432657286913,1.62121627130805,0.867081343675141,2.13168280334441,-4.90440292120206,2.63639128229012,2.33609058801944,0.554141006367258,2.03118889677304,1.20075413491334,1.32766628113711,2.58518043492567,-7.74241703227103,-5.46511077170983,-2.44198541552308,1.54105041750855,-1.92209655761992,2.11748568741116,1.34160655619909,1.85924475824748,0.930377011819347,-5.39399467681066,0.531552494226888,0.870265384083448,0.930254738182915,1.62947666864205,-0.295698233165865,2.2822840416727,0.344191619365265,0.289684739002828,-3.32681409001652,-5.11727987264665,0.357392468762749,2.48004234707784,-1.45896117134539,2.62551869344908,-0.15308866814369,2.64305959712108,-3.45985197285365,1.20039012706081,-6.87773458269687,1.63094474828077,-4.62017926712824,2.11276637253293,-0.0610957147841695,0.651366149351739,-2.48226402667437,-7.06702090585038,-8.48522393916475,2.51292974035212,-7.25381706402216
"D16-34_sp910575165",-1.06519056735621,-1.34264596514643,-1.15955550406381,-1.12468213151513,-2.00730899521127,-1.59136165532519,-1.52444038859145,-0.294320938782031,-2.03681143058077,-2.03523802551591,-2.24850773587776,-0.923521555836066,-1.16143598528233,-1.00729636785629,-3.33870482496084,-1.03995736516429,-3.00470113006681,-1.54877756986738,-0.994475148525986,-0.566765966316114,-1.17786178635084,-2.81110165499812,-2.16870795087463,-1.16351856018308,-3.08656830268752,-0.712403126012278,-2.37209386622266,-1.10770819240745,-2.21789301742243,-1.22780001866795,-2.7695609478796,-0.908119088735399,-2.83467536127228,-1.90854500802463,-1.75004975174896,-0.427337707410022,-2.5588377702818,-1.82401447993003,-2.15519531600573,-1.52194326655216,-2.15457942799227,-1.26432155531356,-1.50835324526602,-1.78693235400369,-1.62681069654768,-1.68179282606221,-2.61588752384947,-1.62917072894136,-3.34356481525833,-1.38151916246989,-2.25885071113739,-1.49993464755264,-2.8039113536451,-1.52237897559193,-1.72418842287881,-1.89928869202343,-2.40274544900205,-2.27472277338975,-1.71120470532237,-2.22338555809165,-2.36053065770297,-1.9826908925707,-2.4962864027383,-0.694278312365851,-2.59312775914188,-1.68660880280245,-2.06851873313147,-0.990609105076951,-2.41516503018714,-0.946348823892391,-1.31046575184019,-1.26989609664772,-3.65395794884601,-1.91522652749806
"D16-63_sp",0.68409111090989,2.60854540501866,1.0652457360134,1.80488014533906,1.34735497129016,1.32536729918469,0.355896349880082,2.26162600200802,1.35188673035732,1.60684381454679,1.41985415503305,2.46265717233124,1.48017319635931,1.72186192378043,1.2221869204087,2.06075329811132,1.40483963898997,2.12168295853816,1.49921825276441,2.01210680116424,1.6343015052089,0.14267014340442,1.1064567679221,1.65608771991133,1.43530464511556,2.36985164682652,0.207219305807694,2.3982661029578,2.44951971029155,2.95502063975244,0.506836005388584,2.55065726213936,0.798003698086699,2.37064464805739,0.571032183063595,2.06558029925432,1.38724873359043,1.61015377071874,0.822110553573205,1.33564288767986,1.12189423068624,1.37489471475472,1.97239844960148,2.54710838214033,1.43082381285306,2.01389259510906,0.150057776066935,1.74777383980218,1.18392290047099,1.88882191794411,1.79152664466856,1.95748729863509,1.97009303768222,2.58855685743384,0.336382777352751,1.60785279057995,0.508624168197327,1.44305670786639,0.418508270595105,1.95101899799817,1.36150178209389,1.99841862941322,1.95941596378589,0.395190706162133,-0.364021415862565,1.84261922145431,1.60108603887512,2.05542155602038,1.45045107977097,1.73371058199737,1.78370944412434,1.862641053755,-0.392495370625173,1.53127569485679
"Duncaniella_dubosii",2.85313806039504,2.90508698988923,2.82162019485604,2.4804041342082,2.85658512845832,2.43750338555559,2.60117382412811,2.35886477537147,2.4570502222287,3.4013504268854,2.85065492719507,4.0954202602187,3.27485956276572,2.73934526462929,2.6082733017484,2.98038968395762,2.41865120914794,3.08332878448806,3.0764634169627,3.02539833658616,2.91650925859033,3.58142143667433,2.76687671789253,2.4773674075513,2.34410052456359,3.13427326263603,2.19657741114563,2.61104619448141,2.78863311814584,2.95162691284192,3.00276100129249,2.86867190038568,2.49424573864709,2.64235280278728,2.7818122880581,3.86347987676156,2.6457613778255,2.39613908998108,2.45792297722943,2.52583403275834,2.81155390392716,2.45999133643018,2.34753269346743,2.83994991501451,3.47782726954422,2.44868017248022,2.45987470769447,2.78927226482279,2.60912696889818,2.46646618561654,2.56252020295407,2.14613466130824,2.67898063175597,3.89822198103125,2.48493549169338,2.4394058259187,2.92276675944076,2.73346394059491,2.26207364130501,2.34564062699751,3.19900041871795,2.8813418443262,2.77554516613922,3.05192607500585,2.31602880452371,2.24953513102391,2.21045560323873,3.04429487219966,2.87860444793701,3.7596946788484,2.65732750992506,2.62279855466872,2.12038047172626,2.35075130168325
"Duncaniella_freteri",0.294698064189689,3.26578798449767,2.28935811849605,1.26029290854277,1.62556232923924,2.5738729532937,1.41322584469956,2.41427638905111,2.07361493746174,2.47176976070088,1.90640066825453,2.36715280428293,2.15806389683941,1.70886820172388,0.800365182114026,2.08381234035667,0.9334584334913,1.93513835217326,2.26239607196206,2.43187096915942,2.17910394097197,2.48891341616114,2.12977526554333,2.21301055494563,1.17693577930219,3.03938582192054,1.30011873925232,2.84970882576531,2.29194215565249,3.25057831759139,1.56968320958416,2.74261143698725,1.14890171936643,2.43448320463774,1.84461165467566,2.92539816223584,1.16783225938413,2.55902488439822,1.47620342095672,2.52419503683446,2.06616619311046,1.7307675115141,3.37483147709162,3.10449883329347,2.71522994893789,2.87297389055686,1.18120020492423,2.47386541268316,0.820612943494396,2.12064962521797,2.30098640287935,1.86025584034526,2.01854447683893,2.69487575847205,1.0472726341684,1.32270142392154,2.20222284483958,1.55944127359403,1.48552473713149,1.1996681783462,2.34460833810718,0.025325299373451,1.47882654577716,2.27820061721996,0.446305966372877,2.45690057325394,1.58380062485627,2.79836150750055,2.18353365174975,2.69153482871772,1.50119510938949,1.59121999515842,1.29057594346276,1.62395407406922
"Duncaniella_muris",-0.28028872039744,3.04772314481059,1.33462559697847,0.0149894775386805,1.13558403844923,1.86547490923776,0.497217379378204,1.36350660157029,1.64537040771737,1.76850310337585,1.387746495078,1.70087193527863,1.54517598850522,0.850051321048978,-0.273954497086802,1.23703710252804,0.211737546101435,1.44632929340219,1.34619200340746,2.47088193696799,1.52792817854682,1.77313236873468,1.45214867021164,1.63577929798975,0.348822300822324,2.82254131193679,0.125004157495185,1.88822526322068,1.65360404970076,2.38791811621592,0.660983901474509,2.07913755572325,0.228827066936219,1.3967074854016,1.5241478426138,1.70554680260068,0.662332702932794,2.01029003535402,0.915455780063853,2.08849042918514,1.45233074353074,1.42141995466874,2.24801155530569,2.65193632697032,1.80880999445087,2.15783437414271,0.410979699421919,2.06630320429039,0.0207916635669427,1.2164811869505,1.76746334974539,0.937325551297821,1.53449625323885,2.07263674065514,0.0670594908840272,0.941721505796458,1.29622697152505,1.11862760819233,0.287138583741802,0.847658181782641,1.27793384224242,-1.08973854536578,0.750298722327669,1.54971524197271,-0.145973961579029,1.60333457519114,0.48497599388109,1.6953152240176,1.8566119504588,1.59033018791449,0.762007484066491,-0.249336392891543,0.185383875756919,-1.21906237405169
"Duncaniella_sp",-0.269901307220104,3.14936512704142,1.67749894214574,0.41879183983027,1.57939461831901,2.30881185950069,1.02717616380414,1.51980880767497,2.09882933534735,2.30324791752658,1.38596865870151,1.87033922523094,2.14515612288114,1.29169926083524,0.08842951669107,1.77342920743864,0.460301708925963,1.92984610010653,1.71765365315,2.49907562651678,1.96480015902165,2.22152831424582,1.93807290512697,1.95752803563011,0.627919702852338,3.12695432236251,0.618427501529469,2.17366590315279,2.07938378489334,2.87181013561994,1.20084343721933,2.27068271468727,0.808235397075077,1.73024742084058,1.73849370930223,2.48319160326899,1.0464912844111,2.28666651819704,1.42666670327433,2.33597551018018,1.94488823224369,1.79898356141798,2.92098772801724,2.93873029427539,2.46976671282299,2.6360469766827,0.859160926391212,2.55059295020123,0.493231170857772,1.83543305118592,2.32293064844052,1.44743305410345,1.91960663856213,2.31152623058479,0.697547621583146,1.21140780571265,1.75317428709764,1.46977764699445,0.508619772329771,1.16090665134779,2.06672004232644,-1.4807510153606,1.35185628065479,2.09503788800422,0.08029740036263,1.72548770678387,0.903557883838285,2.11269343911114,2.18603533703104,2.21332042449,1.39719829902372,0.125951004632148,0.575580585208662,-0.833763149832187
"Dysosmobacter_sp",1.7686274397113,0.847618108641978,2.12933907141728,1.80037539388915,1.91865270882854,1.62104644396177,1.80066233229227,1.23698443910559,1.51248404709714,1.59635596215287,1.43779675898535,0.851710141997247,1.62134384433092,1.39169748696005,1.47176262929417,0.856589265291754,1.72096780055089,1.82701494706314,1.08337365866194,1.14212720244769,1.77302935257634,1.38052828148298,1.83847970409877,1.38526776531294,1.90434188172191,1.07867809608175,2.0593970832228,0.797590031887671,1.30012913527252,0.984909281071461,1.55337060042058,1.36350061961842,2.36133736933564,1.53671285253196,2.33873530173982,0.857312677762664,1.91480565606738,1.35999803722424,1.44433846027557,1.09276671964352,0.863108693393148,0.782390089076763,1.53569203014331,0.916080970013471,0.999941850570211,1.21806263046079,1.59748616340855,1.31776497046167,2.45102383349942,1.66670092530804,1.75703218925862,1.76470851152757,2.02613020827889,1.19608458285747,1.94888551321118,2.27993914407511,1.97424549737772,1.92928890466223,2.15183637355756,2.14242504162943,0.977571085433716,1.46817942131206,1.6365537127534,0.840092209964663,1.96167162871302,0.875250908936708,1.97496284903194,0.205192583685449,1.81257381879425,1.60857405210828,1.64532335311084,1.71712389495091,1.98099237592124,1.7198759817134
"Dysosmobacter_sp022797935",-2.71617151048375,-2.42391817569653,-1.90238858506973,-1.63095666584551,-2.02890321319271,-2.61049265012088,-2.23021054291933,-2.10050227460822,-2.20399901634378,-1.88564972245928,-2.10520501423019,-1.59237563091165,-2.04766793198676,-2.03962881134014,-1.63257874689097,-3.4159908647743,-1.70410577094755,-1.76211890297045,-1.96733706595668,-0.747658505233446,-2.15744643840186,-1.64562660242043,-1.52739759412703,-1.84731309440293,-2.04940529330031,-2.80763877398332,-1.25965502891173,-2.11414443021521,-1.71203732783831,-2.3707859397587,-1.68141344123938,-2.28628351066913,-1.73417428426809,-1.75167657844634,-3.68252182901815,-5.10186082653204,-1.48008004728323,-1.71176286952509,-1.91197845757675,-2.09176755289027,-3.07592865681272,-1.59932750805673,-2.23162354612195,-2.24815532460257,-2.52112584262818,-2.23337516962783,-2.16514829750723,-2.18069453905484,-1.52028597957413,-2.19005429665504,-2.13349342799559,-1.81019488937965,-1.15007872793948,-1.83736149470166,-1.4131133876549,-1.55365253781071,-1.99880835413026,-1.59231073926636,-1.84075051429607,-1.57228492783888,-2.55835720687777,-1.26726899947916,-1.736016513435,-4.51361339314974,-1.27255251029737,-2.13837701622927,-2.36317375655929,-1.98960061196477,-2.05774319438129,-2.00135792974131,-2.25378400740706,-2.51438183030613,-1.62165468164666,-2.0244389683393
"Dysosmobacter_sp910584995",-5.36663232564839,-4.25144935136756,-4.55621185607205,-4.2001410864274,-4.34648925906563,-4.22204008750045,-4.92837794279507,-4.04670978564516,-3.14774889015784,-4.43886091231014,-2.45765366752927,-4.07586491644563,-5.97936642809338,-4.94400890570593,-0.628769301202547,-5.28319000947125,-3.38022913538803,-4.51517447543214,-0.671134814510706,-3.06316403201043,-4.69522396488755,-3.96027766524186,-6.20790625689893,-5.65569248700161,-4.90019716613623,-4.23466273806799,-3.39348513285774,-4.65720065450884,-3.89032959684088,-4.19773433448505,-3.95836523779896,-3.76310602869252,-4.20220378850796,-4.53973799758203,-4.60767007647538,-4.62479166242486,-3.87527329642971,-3.57469114685524,-5.40846765747009,-4.43750574212279,-4.89420516791462,-4.25213136124642,-4.87559846797895,-4.81799387359593,-4.41158847335581,-4.30225754818012,-3.01245582573382,-4.41068429713874,-3.98225989048486,-2.43001129650169,-3.97335294870181,-3.13597906973087,-3.82999859402993,-4.13773232608107,-2.8838176237843,-3.58851128305907,-4.13416514691851,-3.26767748449882,-3.39440521231475,-3.05014528821889,-3.19113805665206,-3.4704820252196,-2.39685888829059,-3.26789201409926,-2.37082981390729,-2.55140584186916,-5.02228676040342,-6.00162371469032,-4.61617210722866,-5.57510150311358,-2.26426726800243,-3.40347491308585,-3.4463433412185,-2.99636351903528
"Dysosmobacter_sp910588175",-0.518080423074947,-1.52507877584727,-0.452247097885911,0.0311828397287037,0.0187907482549594,-0.148642759863771,-0.169544326510515,-0.218313235391671,-1.98393749018683,-1.16203387508686,-0.805434168131979,-1.15309590017646,-0.449341606874908,-0.250885170080617,-0.884982952463604,-1.1139633820986,0.29802870572794,0.997819350697567,-0.463365492763678,-1.1470818307265,-0.168423770393046,0.561865163184697,-1.18805473808984,-0.489541142757005,0.611440459112304,-0.388880284476681,-0.195387815356396,-0.391419883308194,-0.300984544464944,-0.720920461950337,-0.519636501394901,-0.144891509722235,-0.203393772329632,-0.0907730191541525,-1.15682946151078,-0.309058853276067,-1.28890595493593,-0.694915531573862,-2.01808493115609,-1.31263424972356,-1.66916268445677,-1.45836715937996,-1.54316837796006,-0.502469366911932,-1.0133996777099,-0.69326505496818,-0.136539100564621,-0.619683095714059,0.176191478577117,-0.136634526515669,-0.140806694170848,-0.566005706421969,0.0743410034511172,0.231746587307013,-0.137517122561635,0.505541742377192,0.259197602647928,-0.489875128525988,-0.131937910632228,-0.0902028606722407,-1.75136999806532,-0.742164424027669,-0.0971146428404008,-0.0493590032380435,0.0686477868384721,-1.46301680880391,-0.0978902896999312,-1.4879825326092,-0.64288969892657,-1.41696579838987,0.291069238290479,-0.505912099062927,-0.146631803102967,-0.7634310535712
"Enterenecus_sp",1.72543263931579,1.68435599991763,1.710710459076,1.87533923113456,1.87380450781067,1.7945827511349,1.25804035768205,1.41340851760415,1.29465379631121,1.31382325029758,0.751739893928091,1.74062833160809,1.53943711282878,1.41203194591579,1.81919553285833,1.50781753143055,1.76933791842542,1.77037567656232,1.52275666082215,1.32783201374797,1.73012705799432,2.3872613424061,1.70822393239849,1.90089008347625,1.43792754640732,1.3368873548014,1.90078859407931,1.78439817823514,1.61825941406011,1.52930312391948,1.371494656662,2.06491490805654,1.79806565085974,1.9572920244905,1.91668339560277,-0.400741364216243,1.4740525023818,1.93831000001425,1.35467109458768,1.19795537578658,1.29263609938365,1.53016338405821,1.56345031343078,1.67920788033226,1.03134237900828,1.88275665465903,1.38970439063922,1.92631171716725,1.9332338747771,2.3895997151177,1.52510246616817,1.96260732947546,1.70723059969752,1.08114561529715,1.93278376690111,2.14505712358023,1.68709460179018,2.37485951277529,1.95445725545559,2.27407614515522,0.852825224152562,2.02010367872952,1.73222427459511,-0.435723672310612,1.77020955779353,1.69377004368239,1.83285261622472,1.21076581266131,1.19339138203628,1.5411954202782,1.5302416999624,1.34010429558847,1.64353944568955,1.37335549001743
"Enterenecus_sp910585265",1.56806901771916,1.20884344719764,0.200980174529017,0.843145551898342,1.22800468439986,0.930387869528404,-0.312909955634208,-0.934366655902201,0.382555494974532,0.268184701240349,-0.0876600942652779,0.408931920796704,0.481763903694182,0.715088496915838,1.05023341239667,0.5968366651853,1.10993046407473,1.06484891441854,0.788559243840737,-0.629760959401617,0.672294390194036,-0.221433889415563,0.412670582704212,0.647981540765526,0.285875525644107,0.608177400106579,0.824136873055528,2.13706316103311,-0.225977471703816,-0.220689339968347,1.21301896821145,0.707156909437977,0.354328684463503,0.649201478793884,0.959380741864766,1.09930434878139,0.505649838094898,0.927179154423744,0.391709981803608,1.28291485179601,0.44956457467269,-0.572805807888242,0.482467528240109,0.34901064271231,-0.292724099235272,0.440157247396982,0.178232599787503,0.685043625699445,1.21296029096474,1.97317113307041,0.544441343632627,1.09058774928956,-0.207182348641748,-0.771579202212919,1.36701515458741,1.27472978505059,0.646283680640854,1.52520703542994,0.930480867258501,1.13418177420296,-0.0892305667270925,2.17626433383899,0.653119388370666,0.142481222330263,1.46116509953212,0.48207631941731,1.1074489754041,0.59489105075019,-0.077816306410071,-0.0555694383321459,0.391657992732897,-0.283752825731025,0.755202067210202,0.494330669435834
"Enterococcus_faecalis",-6.40396755647947,-5.43894644987971,-5.56885239628265,-3.27017283252002,-7.34676979426801,-1.37382902535939,-6.36746345676066,-2.66337356388992,-4.35783288713451,-2.86574280657306,-3.57105446943347,-1.39364839697605,-5.13226505838332,-2.24133099537347,-7.4339468519055,-3.08229786892825,-6.31466679151814,-3.0271748817908,-6.5331780705303,-2.31479393030429,-3.47851489515757,-4.08250567807141,-7.43479103633622,-3.79989867790527,-7.36529380764843,-0.668205087762059,-7.51301757795756,-2.71267495026422,-5.26279994426807,-1.68209824148725,-6.51269495437101,-2.68774601838492,-5.7390304994646,-4.34214389284791,-4.38059505936513,-1.54325359090672,-6.93341880498327,-4.12367455953908,-6.28659296565418,-3.38760581860831,-5.65290704916682,-3.16565173386082,-4.50697465097673,-4.40445790594174,-5.28896073746962,-0.872776883168275,-4.57587170316813,-1.99349263918781,-7.44983601080992,-3.27873772204258,-5.62298584542929,-2.78062678336697,-6.19995778362069,-2.08573246435543,-5.78352781432864,-2.66067288918912,-6.90675764307786,-3.93418610800991,-5.64423842579096,-4.12576134546983,-5.38461776983498,-4.43503945020478,-4.3708275629404,-2.59114919310738,-5.28896729641515,-1.26549744662783,-5.82426019373846,-2.65912438064275,-3.51236121165486,-3.94126594761453,-6.94583934998286,-1.12131043775893,-7.08550766094419,-1.0789100685645
"Enterorhabdus_sp009911695",0.329764744691778,0.893921783411297,0.42841262110519,-0.321280028833451,-0.551253615096458,0.0168720511995613,-0.371153642212541,-0.719365839594175,-0.0219948999469644,-0.536557603805043,0.354922870429665,-0.273085522009996,0.16134045334935,-0.703810115205327,-1.08362417475715,-0.703865663816158,-0.923587084123707,-0.823889677478922,0.0768668672643429,-0.497103111764439,-0.235192832103127,0.175029767184164,-0.0366018503634127,-0.078768387538501,-0.698030325309238,0.656464895665103,-0.392175817544127,-0.0162309798127733,-0.0578698059272362,1.39474158131805,-0.620561302275719,0.4013716082196,-0.154865917200915,0.13735686609526,0.549682733826957,0.892550602172077,-0.433334992823488,-0.410821247520044,-0.0299804119548668,-0.968719077035747,0.0140705990150032,-1.12642545061444,0.683958290543462,0.83920846458474,0.498699824356191,0.11109356205308,-0.451244998081918,-0.00829506182486206,-0.855831582960111,0.114271111143315,0.364711172860055,-0.299932115789519,-0.591321358636298,0.118853882328576,-0.557818823222293,-0.0553583232535217,-0.328000350367631,-0.175641479004007,-0.725156536061428,0.244889063859668,0.304414128103524,-1.41294088621943,-0.660700635984034,-0.243316370881406,-0.351835361082413,-0.393075127078143,-0.367509264734966,-0.383863923414662,-0.292842913610867,-0.527084288838319,-0.165844430786295,0.7702295114472,-1.42914943939459,-0.579671330716895
"Eubacterium_F_sp",1.83726540175671,1.60681627999103,1.71580488277558,1.6970747356844,1.10079995497218,1.38986656668076,1.52828586105277,1.92885178797111,0.681210857072818,1.07128714410594,1.72873794649732,1.51886660119151,1.54286153686369,1.41349027755434,1.62849295745986,1.72588249462003,1.4904370341063,2.11172456237844,1.61331048577883,2.55748217708735,1.50856479594332,1.23792448360218,1.31908341668256,0.802552349667522,0.955475286244726,0.871654455578101,1.32947479667274,1.81303970306483,1.48897937139085,1.21768204163702,1.73479992774192,1.84421012091481,1.63087003478042,1.29219527656958,1.74333210147032,1.5440827015576,1.46495151565003,0.830608761875011,1.00276065381321,1.60784664016822,1.27331431630303,1.88673270312268,1.46208423226188,1.30405639330558,1.03531187254667,1.20007360538814,1.12097369387279,1.37714679974017,1.54559622465874,1.17994962392441,0.997933353044228,1.44767927775351,1.62010176215441,0.605726989643165,1.45729879667191,1.54045899278526,1.57241457942725,1.68923733450186,1.29495256433394,1.40326031758699,0.722775286457795,2.4121583006764,1.01427730769788,0.966488961491235,1.39342600415391,0.990720102425412,1.37391988930104,1.32136173738824,1.32897173077976,1.07990311536971,1.00918123493669,0.668832601118886,1.38180887782018,1.22076034705373
"Eubacterium_G_sp910574895",-1.26848574738928,-2.09538220623491,-2.02131616317598,-1.45062279872352,-1.49701680431685,-0.0605074470921245,-0.685166186402729,-0.327384161369556,-1.78138008859394,-1.4494209450815,-1.59354633588,-1.22159754831863,-1.61784056014989,-1.60111399661107,-1.45880089896414,-1.74175907727841,-1.76671963724284,-1.16420065032354,-2.35418199987089,-1.30062178576311,-2.39164193576729,-1.82942832710167,-1.99872987503564,-1.7752617797404,-0.513202362468624,-2.06763951194032,-1.65901365661962,-2.14214383822937,-2.0086497684094,-0.382277747431559,-1.25079768688777,-1.70129144069426,-2.05016332986349,-2.01467222771277,-2.1607153434197,0.000408944801904454,-2.01480018229753,-1.67263481263287,-1.53380336936448,-0.984610482699363,-1.88315429953903,-1.94771451420619,-2.26863719976712,-1.75860653675643,-2.15459311525672,-1.83184225315877,-1.58480568359985,-1.75705530989045,-1.73456003628019,-1.57358810918468,-1.74557920566065,-2.10802046265334,-0.926038118974269,-0.760518134587716,-2.0595996999759,-2.11759392272119,-2.58039092028773,-2.11745794869138,-2.02189219870695,-1.98949275946123,2.0177078281649,-0.0832133746384471,1.46251907833844,2.71952606153027,0.26769698281883,1.67866125970211,-1.67118439088527,-0.540941497335872,-1.61045997677163,-0.712392537168448,0.602222147708941,1.93269860552336,-1.66409561985555,1.88604145314918
"Eubacterium_J_sp",1.68448576619504,1.18786683717721,1.25888353715615,2.16884934907778,0.808788309943813,1.38508994551246,1.48956164949179,1.99489364502812,0.551951379545571,1.34447171962338,0.913796530956265,2.7389173406356,1.25030042757338,2.37602731243113,1.63317582001696,2.13248544238409,1.54901898155371,2.79223871300314,0.962119317618574,1.7334210828916,1.22274991887642,1.23508818557724,0.860573371432826,2.03339700159955,1.36587047448551,1.054763853021,1.25890943487171,2.19704595836392,1.00533763227742,0.678654142262362,1.2775653530674,1.01162995938818,1.63826058402171,0.945793990059501,1.17334743188771,2.66496175664484,1.27548296158133,1.16849245687334,0.767943488583777,1.75064261500098,0.725343665224543,1.78121776037522,1.26550967721969,0.888550004190435,0.718742828038467,0.682744174080648,0.862142316149365,1.11056419917156,1.32073103452616,0.902413638952789,0.83280361246689,0.882573371864028,1.15581578830558,2.50246324942802,0.985993636260734,0.755508239103857,0.933075572604688,1.21494093700529,0.859818453167122,0.672243588821567,0.956476231799408,2.74692872582354,1.43212723608196,1.13402137216205,0.987411870108948,1.34571181915087,1.10021456133242,1.41630928822562,0.765264244821511,1.20088283751955,1.30619269395909,2.12315235373405,1.20776506424503,1.79403444560588
"Eubacterium_J_sp910574915",1.20432165222387,0.0977094599398427,2.35388271785879,2.83943460706539,1.71596154766071,2.02367984976752,-0.494028276269091,0.221567268480168,2.5171279577172,3.61902649773942,1.5520871328678,3.85828599418834,0.023941535716137,3.14023344568464,2.21637862945929,4.16549852572188,2.55934136191375,1.7343149279509,1.67657029902947,1.83769638002228,0.526073982460112,-0.47754728043321,2.76037175094471,2.42290441629096,1.42907504957065,0.357761860912859,3.68864027809109,0.196313961025446,1.71137026970396,2.15011258525631,3.53105669523919,0.965261383570731,1.77600024616243,3.01455146392147,3.15761896923276,5.54281128469601,3.27566226703605,2.85235259605897,2.37189379450251,1.43740224290076,2.46240984997773,2.43639153401673,3.01986087835509,0.174119195760975,2.32362749519456,0.612076079362314,2.97055602175777,0.399208752674111,3.51766178495145,3.70439420622633,2.60823094946428,3.7787005408106,2.9587779609637,1.3658519982903,2.2825861956802,2.89124777851568,2.3857053267881,3.6530528530236,1.3552106722517,3.52636284696123,2.55604886542994,2.9931299518677,3.52609904218212,0.818221901624909,1.41827550965443,3.18622006604673,2.5597027051605,4.1401697594811,1.94551647411603,3.9938979370783,0.0554512413382664,1.60956498071104,2.13112077724779,1.18425509319093
"Eubacterium_J_sp910579075",2.47090870937961,2.53329389890553,-1.03430032203504,3.51928663943854,1.07046139437309,2.69737814334524,2.67070766872244,3.83210452021244,1.18426602363806,1.09401002224931,1.17728950480402,2.44323201388548,-1.72691591018125,3.84026921285746,1.88429575862048,3.10333382712522,2.55309074815141,4.3995672568663,1.33029518714456,3.09951889466205,1.20661496978525,2.18951429206188,-0.770835975552485,3.55691978912489,2.69674824223202,2.01285779246571,-0.944447652772757,3.66349936138877,-1.65612633632682,-1.20172517264681,-0.538969818874264,-1.4780683401461,-0.782621109961029,-0.4031768676317,-1.39302622603792,1.74418236689205,-1.56675805950809,1.99410895256882,-1.88275140058526,3.20589200597082,-1.93292014840137,3.31749301199709,-1.04660775145984,1.63231966578941,-0.708145301784654,1.59818612143078,-1.84573348035418,2.18904922505531,-0.915126512682937,-0.98366443693749,-1.79799412914514,-1.01290698869683,-1.13300735102531,1.71334414388643,-1.56763735973454,-1.23522730258678,-1.60366364653588,-1.13281091407504,-1.69672086871448,-0.880320299404646,-2.21830119627849,4.3702966401427,-0.834926700434348,1.44012782414897,-0.279744019941335,2.33130850770122,-1.54062675780637,-1.00187110251541,-2.07823293903984,-1.06746152963247,2.48255297341531,3.86803467451112,0.727078367268975,3.44438214222188
"Eubacterium_J_sp910586445",2.77701893615275,0.863940262407141,-0.0967089536869263,1.95638703347081,1.1332127975348,1.03066955993374,1.68044614456948,2.24823718691806,1.71150974288953,1.76216944146773,1.39737091418242,2.72817377242838,1.67270502115082,2.27933121196804,3.0931634474688,2.52675580743148,2.12433830475268,2.76783030457754,1.20506375293777,1.58714176399014,2.40830158524959,0.63394398224327,2.18671579150607,1.91422541330734,1.35061559644626,0.410907623997444,2.61703624038364,2.00627231844932,1.9381049522536,2.59022252659721,3.31851968048068,2.01211686051546,3.11939058593078,3.51839721126451,1.93738437229063,2.94523219007516,1.32436524691672,0.641702664213042,1.24073916575083,1.51391924646177,1.04730529946905,1.99615897881107,1.800421879861,1.66412894301116,1.33373632065582,0.970407963703037,1.07788849682182,0.77641586436684,2.78873138084035,2.46220018349726,1.18172489695073,1.86374772401188,2.42199572419331,2.54672711646206,1.78635844998111,2.35919720867425,1.87422201030422,2.03682368211565,1.99972083905146,2.84080553469698,0.7841210436802,3.55483147564343,1.63452921556319,0.150842421560537,1.98511176396606,2.01010412620366,1.56843730725668,2.20405201328295,1.23445770706498,2.18643773934439,1.3886616187649,2.80946903297806,2.02115433436081,2.71463054942785
"Eubacterium_plexicaudatum",2.31018070935713,2.19441950454323,2.05103574157657,2.49460723102016,1.54088861936015,2.23126963430893,2.18108039034203,2.28693922044259,1.76254910337492,2.74124557306192,1.71179599126279,2.98338114931273,1.82007150390938,2.58321451834123,2.34014121206176,3.11752943922919,2.09603397791518,2.85877048096886,1.87394074876613,2.23573516983837,1.90478085094234,2.02417857471652,2.0478228835701,2.49382006025042,1.93724189803189,2.16567341579313,2.55707778685651,2.48110400163785,1.81109939595185,2.10254803882592,2.74890857538371,2.02411502128152,2.25119600653956,2.57569578473743,2.39456769949497,4.3777351192221,2.29698136186467,2.23799274230751,1.88662519202316,2.06131079904868,1.89874561269622,2.34091133688768,2.348768538135,1.99768097960564,2.00839804159279,1.85882107323912,2.1910358993644,1.92790218212773,2.63976646079184,2.71507480149531,2.14219171741572,2.65060305110134,1.94095029399643,2.25214299756685,2.03663829762394,2.00483413146761,2.07033991672046,2.68638907347003,1.73355669136839,2.3114916596317,1.9325709941263,3.22245687323039,2.59966359478681,2.6028467618512,1.92046566803582,2.37461324270767,1.83504252874975,2.88716432070834,1.72588024696009,2.75353301000073,1.67864118191048,2.13629786322353,2.03143104609966,1.71321771705859
"Evtepia_sp",0.675127536677884,-0.429613160382694,-0.154401622701508,-0.0873841566650739,-0.0214942031059149,-0.116548614080687,0.289254787100779,-0.166831263522127,-0.602148209645836,-0.484618670220465,-0.116924523248329,0.067450478487185,-0.233044441152686,-0.0403754061414396,-0.0284434279127836,0.238755092589651,0.0446934028320136,0.248514057350048,-0.411221708368917,-0.103865382039812,-0.0527731989340854,0.717540467963167,-0.0805043927953335,0.0921451594742262,0.118307955250248,-0.260670662864278,0.383264849069343,0.0267933052076792,-0.212053069274564,-0.00398637294379078,0.259082951743199,-0.0427566582802932,0.0823438840038548,0.258027870524639,0.276325215113294,0.65538132523962,-0.120716064486988,-0.0320639777312977,-0.144979809896304,-0.185895594713461,-0.244111519633689,-0.0037130763127422,-0.229300377032992,-0.169865252507071,-0.612189862801477,-0.0329977140276547,-0.2451417492546,0.000142317255345858,0.320502599000354,0.57514585040205,-0.236358658236538,0.373496119346944,0.139943140298582,-0.399570553863857,0.198284205739874,0.363452920144406,0.149090739517186,0.288515161636765,0.0313970842261089,0.329614518007368,-0.754085558899645,0.476835638475547,-0.273092268008821,0.103926991975014,0.111339836046962,0.119549256507833,-0.0823326674058578,-0.339031016359195,-0.386436922156086,-0.164184347064422,-0.0643743871459197,-0.391829647420414,-0.2553535264394,-0.00760355694072601
"Evtepia_sp910584805",0.800098668946875,-0.402438244106477,-0.1788603085602,-0.0313726582768421,0.293429055272014,-0.285884422634895,0.617593639756066,-0.200380357680931,-0.529074897266005,-0.740965425650478,-0.2974928745217,0.0451203884364446,-0.245361438139881,-0.0183295632097895,0.189756598946719,0.232625024018427,0.0684640474502114,-0.0208856190636357,-0.29184595834521,-0.114621976550763,0.06858511223985,0.98659204935757,0.090793696970227,0.0219615212228703,0.400991685450652,-0.501685311228623,0.715269966077638,0.296267074116267,0.0570235085444306,0.258027562316851,0.36809026905471,0.046452503647485,0.36563389997159,0.292328157520924,0.213261535240209,-0.0850406708916758,-0.119706090082806,-0.0174115758848927,-0.122041751637003,-0.0668410264713852,-0.274932174394815,0.135718703822747,-0.189269050256463,-0.489614194406066,-0.620469554156632,0.107225702929888,-0.175835355058492,-0.19584238465464,0.536207773766062,0.623379335638363,0.128779645842943,0.409911866469466,0.0352505969026957,-0.277235229584953,0.494979572744455,0.413936957923468,0.284273162743467,0.366234996665741,0.295835769768455,0.563055817003756,-0.779917997258549,0.293806928078004,-0.158190469132494,0.525561600135063,0.252654362103682,0.165469783404573,0.161473746687578,-0.239055834347846,-0.368093711964777,-0.116356837367702,0.324525055275545,-0.19420049838846,-0.0543197903502772,0.386542405567408
"Faecivivens_sp022793675",-1.81430616513687,-2.6860514009262,-5.03268547643613,-2.86289248091785,-5.73724912663752,-5.96780624884653,-5.16994968103648,-5.14408353250103,-5.47199333086857,-5.21624554987802,-2.54386095025334,-5.01947013226059,-2.20756813599222,-1.96764461919344,-1.11244998700397,-4.49644787191494,-2.06071230826766,-4.56648363584913,-0.892966191905048,-3.49133392486284,-1.11596658474053,-5.66422693062258,-1.17199071157744,-1.5302388364054,-0.989440743256454,-1.41118888065838,-0.770377851685174,-1.08731739887223,-1.57565096723758,-2.2108618877536,-1.06423223605645,-5.67668309511287,-1.48246403300062,-2.23757869577122,-4.16655393119033,-4.52662596036476,-1.45187578666845,-1.08281169437269,-1.49971888141705,-0.334262890805418,-2.12522124295213,-0.184893197250444,-5.18414644766073,-2.45643900460197,-1.53982200451795,-1.52487986403333,-1.63255620289521,-1.40168269913655,-2.35118301617211,-4.62104238384816,-1.06677129693873,-1.37026110191377,-5.02311570262892,-5.70941132092577,-0.49456491913938,-0.562714708099969,-0.728447290319702,-0.481499983029133,-1.78537168134185,-2.26239373396435,-1.21077552959851,-0.667948193010597,-1.4970875230278,-4.0266554344949,-0.828976457702845,-1.15505024068236,-1.71137294118358,-2.81291549298275,-1.14660782301776,-4.28965990306591,-1.9439846644156,-3.75928850208181,-1.96332845543932,-4.15753461207312
"Fimisoma_sp",-1.50315123141168,-2.05856931204313,-2.48018167503461,-2.2139011196472,-2.49011258952962,-2.91822695162122,-2.04720621054332,-1.0273227155663,-1.15862301358509,-1.83793848590605,-1.95062465535385,-1.90495718285608,-2.37704799711583,-2.27154532949228,-2.53005048073865,-2.00727515900632,-2.21789063320171,-1.34671576509188,-2.81711101129706,-2.32746884721911,-1.94830230952131,-1.91182373024206,-1.94142753259291,-1.91164783985522,-2.17811100192663,-1.57709790411788,-0.879588624468981,-1.20394198864355,-1.72518302382602,-1.72638225289237,-1.12221784817888,-2.41425063045775,-1.43281659620968,-2.37528864158914,-1.99228521973844,-1.74705259961198,-1.44240019429223,-2.2067801140033,-1.38609885093265,-2.06289869135855,-2.00327302894467,-2.02057190086157,-1.48338850114253,-2.20404315854867,-1.28085547729328,-2.20904812534735,-1.5158343531669,-1.19687777705111,-1.12884419097174,-1.67487212433878,-0.864816242452806,-1.33668185435276,0.218167086171633,-1.38201287381742,-1.09018316619575,-1.70046537113313,-2.38050415603306,-2.08750867593587,-1.76460743079489,-2.37710815408084,-0.307899554244756,-2.25913697968429,-0.919131357699563,-0.0290692737485383,-1.55638809652819,-0.572456599758299,-1.18148220769877,0.157230381509114,-0.953287950222261,0.0978861123867532,2.02378472491738,3.3792368600489,-1.05792222448206,3.32180705189617
"Flavonifractor_plautii",-0.583545661878379,0.0391390829933602,0.590893476306372,-0.558864585704292,0.152982640860211,-1.07656227178154,-0.0730794452222394,0.0720771782372385,-0.182025613885445,-1.1810029582326,-0.139605740435469,-0.727929688630935,-0.59724692202586,-0.487270043715426,-0.157672042650564,-0.568095895679519,-0.305268008388808,-0.840423449311633,-0.243435856220422,-0.170807723332899,-0.150897140829619,-0.0282565005326028,-0.262373682387659,-1.05618968439133,-0.374650904574809,-1.02157310441629,-0.127280538159235,-0.468931281424009,0.149465033465987,0.0115741543721697,-1.01164879297043,0.159507399882058,-0.521574206769532,-0.257785838961606,0.00883000427427838,-0.954035929137715,-0.921687885873668,-1.09598864569375,-0.187509362839938,-0.553882884541785,-0.188872510353367,-0.463962685711072,-0.461507215985398,0.0786486503474748,-0.743962677817246,-0.685986843876194,-0.83255403225726,-0.761176438617696,-0.303509229281635,-0.912434534923161,0.152815545208915,-0.757700457844567,-0.867085433240993,-1.21736130323928,-0.706734255112645,-0.480142425076258,0.215733427116593,-0.527119911684487,0.309793939438961,-0.543600942869432,-0.0594321176656152,-0.457140332368432,-0.68848474446045,-0.738820999103783,-0.340560889568344,-0.950907613385752,0.0945725094212406,-1.31630886602025,-0.455390135513353,-0.630277031286372,-1.19935610893258,-0.811758289315971,0.216799204906975,-1.01203053972496
"Gallimonas_sp910586825",-7.61483971750252,-6.99798694075917,-6.88557730798255,-3.86384746110383,-0.198838634235667,-1.34376726356697,-1.46581719389651,-6.96284332545377,-0.685972995192335,-1.61930131651059,-1.94723086395452,-3.92714840091752,-0.401398388373421,-2.70063705709337,-0.801968641593094,-6.96412128034724,-1.34741193611404,-7.57753683128389,-0.546689337266471,-2.33818334145667,-0.483598595937462,-1.36657580143717,-6.93776608767078,-6.99857179545595,-1.23704960756373,-1.09611926274431,-6.99335114952609,-7.56380939758716,-0.471740945641095,-2.35622009588041,-2.63376675065285,-6.67193083044476,-1.52956907739464,-3.1911100761065,-7.58298259379058,-15.7487845999213,-0.273673116828535,-7.28495138688218,-0.666471680424952,-2.16856454424123,-0.756292848000179,-1.5614409141407,-7.50648204695205,-3.19672543946172,-0.58677029533272,-1.03441990586864,-1.62000851518236,-7.42828928596754,-2.56739244119436,-5.24020432728824,-0.354512113124192,-4.45303366016138,-2.71500870557817,-1.59860084568319,-1.35265924475286,-2.14834461672106,-0.83780796581941,-2.00151010505279,-0.620161491346462,-2.34325346253956,-0.557115030003771,-6.08885943669938,-8.17868903648856,-9.4694756613987,-0.47329094843694,-6.71150578156893,-0.341928826909857,-5.29528175655822,-0.698157250926132,-7.26488967358502,-8.11475188991592,-8.48522393916475,-0.579196001232225,-8.36110921503652
"HGM11386_sp022791055",-3.49278089174049,-4.30551214273332,-4.8999740808974,-5.74103569337231,0.186319381051664,-5.20733209326968,-0.413516451127496,-0.971343720605123,-1.579044655258,-3.22585555442641,-2.07514471792878,-3.45916102495705,-3.82836328834266,-5.76712967661698,-1.13561427964789,-4.65624374854168,-4.81118395559293,-4.54797226771201,-4.48853888650495,-5.12378254266157,-1.52600232470283,-3.52350321531088,-1.52122205513194,-5.19791682360434,-1.38831268846588,-3.3116952406137,-1.40690393790265,-3.55082522426991,-1.23710743451031,-1.05739768280393,-2.71070437934497,-0.399327056882701,-2.19924282530217,-1.70053298969037,-4.13166974685157,-4.76017534889954,-2.06656976815203,-1.80147356880176,-1.4421044548336,-4.36148888746501,0.380379625379119,-1.29223664875673,-4.12840967345647,-2.1766587185341,-0.398100078791918,-2.49953215412167,-1.59288973714329,-3.14121918027391,-4.33934487765691,-4.03844060840492,-0.335849633252554,-2.00729401939063,-3.44028330215659,-2.77025669186078,-0.933630908044835,-4.28221856719998,-1.11684086750864,-2.93030049960931,-0.294386513930583,-2.68217556072878,-1.11241699939903,-3.96717482361879,-4.75816722284461,-5.19317071871008,-4.88500620895262,-4.79803975338406,-0.899946838507287,-3.7937511436281,-1.32394241759391,-4.41222570983281,-4.38847458784062,-3.68867748099481,-0.617006596029603,-4.03176118412305
"HGM13010_sp022800755",-1.60949707488256,-2.67055793178907,-1.77778687836047,-1.81757002573762,-3.43960754873286,-3.1224879590846,-3.36408577911386,-3.58214781124699,-2.21285098177857,-2.28375189110035,-1.89791654941019,-3.50404369448981,-2.01711138777089,-2.15287505925728,-2.27010127512343,-3.06626730696346,-2.35880942066953,-3.07736920033782,-2.27067920976918,-2.76827586356707,-3.0886402948161,-1.74339603914301,-1.44620400766919,-2.94295747409574,-2.39280650703689,-0.48750248854272,-1.91381419595463,-2.82080318445546,-1.66892669688747,-2.2943611619595,-2.12177383307118,-2.58120539183081,-2.19291097522555,-2.01594984732549,-0.881698609773656,-2.79767940475443,-0.951631167128204,-1.82462920069859,-2.79005594822508,-2.48268507442525,-3.12889236719947,-3.41195922356572,-2.46795351787047,-3.21983275049702,-2.93901878912178,-2.67672457911247,-2.51542924138788,-1.58701692837826,-2.38464754542477,-2.60517814928353,-2.81340591940336,-2.76451305571491,-2.66047921491868,-2.0960106817103,-2.66944557902991,-2.86967743537047,-3.32264260190843,-2.86191374942758,-3.30274565099762,-2.82720032302629,-2.09019190412043,-1.09545518080183,-1.37975655728977,0.0134239827406901,-1.8532839738146,-0.628586354414775,-2.77275851188852,-2.53575431402379,-2.86982174192258,-2.4880460340081,-1.81392391539777,-2.29313960698143,-2.08607388586468,-2.13640254874374
"JAAVYD01_sp022790955",-0.447572595396382,-1.3825428998632,-0.953039395340308,-0.987994284636281,-1.37821349362722,-1.33835508088428,-0.630612548764633,-1.64244812663053,-1.60412688089735,-1.25099167751481,-1.01336419351982,-1.01542619622736,-0.885529446150754,-1.13682084884691,-0.954702402385985,-0.809781849944297,-0.873692696499287,-0.68146329674229,-1.34368824505805,-1.33151723123122,-1.09580152860588,-0.62640937156668,-0.747159168005464,-0.523267489666967,-0.682712592457326,-1.46703028088207,-0.319060171101585,-1.59832410705996,-0.779801202794907,-1.22001917572773,0.0616507365877297,-1.07879079076177,-0.664086531992925,-0.624602992414168,-4.88463012547304,-4.13924072035007,-0.948655584882864,-0.578421301746733,-1.19960614474993,-1.20552547167155,-1.47754823027693,-0.821187541369897,-1.44890128383985,-1.48326572240324,-1.52175891622567,-1.14532701317489,-1.08564417175054,-1.1148232957251,-0.702679084668855,-0.189875588068926,-1.80999881103838,-0.660861123177787,-0.88720207083505,-0.809397052847528,-0.612132577749042,-0.891360085443001,-0.920836404096965,-0.81632913896026,-1.3410130263173,-0.537639736351268,-1.88413853327495,-0.687068674412608,-0.986647775553779,-1.25452334265538,-0.991709651975288,-0.81969966282573,-1.63584510175929,-1.45620963828715,-1.44391541823938,-1.80624572052429,-1.42929419334403,-1.41944534583649,-1.19805814357206,-0.810495521543784
"JAAVYR01_sp022791255",-2.15315578981802,-3.25155121673504,-1.73237951152813,-1.77789015357011,-2.68401603579057,-2.6920523437432,-3.00995705501127,-2.75856805001903,-1.76278169127411,-2.23073336699868,-4.05019947342725,-3.59253104015539,-4.2352186619958,-2.81347595604951,-3.81437221667845,-3.5441724126163,-2.87778505680416,-2.0969928198533,-3.6452563547384,-3.22895245683856,-1.65006251427589,-2.48099726041057,-2.35791756339806,-3.26674726881434,-2.88557725124594,-1.39959612057242,-4.01837640357304,-2.73315773951059,-1.88823056329669,-2.31250809282534,-2.45086407590381,-3.32332123856508,-2.34418892303588,-3.30807310569013,-3.55571878637503,-2.82435034619044,-1.88766404848348,-2.01599671292703,-2.18829872307973,-2.05974560308709,-4.20245940123951,-3.67913756606487,-1.4585245865627,-3.9300166656339,-3.17287557931728,-3.21545914534101,-2.46033064641272,-2.81246557130534,-2.30800356592093,-2.7859001910186,-1.8107050596771,-2.52843651348565,-0.948300657642218,-2.32335220252263,-2.4234033270229,-1.98538031791592,-2.03446429083657,-2.13223960252361,-2.23043520583251,-2.62637037333226,-1.88756695614181,-2.51557475834975,-2.23630488626319,-1.7677554891207,-2.58212630395312,-1.53578562040987,-1.84274057063765,-2.37520907409668,-2.04555967509009,-2.58766640024391,0.543509979408013,1.93371354850923,-2.54060161193694,1.82252680803207
"JAAWBF01_sp",-0.557862167228556,-2.42910558612805,-1.69713214036083,-0.675103435956032,-2.24407683499313,-2.82656088671123,-2.25201544177627,-2.84261452744132,-1.66151988881504,-2.44051221288501,-1.71033539218912,-2.75107973179573,-1.92904258576172,-1.81359757018261,-1.37329112712344,-2.75651200863619,-1.16978968094615,-2.21921621240005,-2.41087758134563,-2.87417890462069,-1.75036148615508,-1.27036275918933,-1.57939218291957,-1.5681417157445,-1.80311220325455,-2.15838661617423,-0.693834238464087,-2.40757583271534,-1.75961632824411,-2.61097675353021,-1.40747086568896,-2.84997376486239,-1.78394482196821,-2.33207357480838,-1.58215811528729,-0.40802306264845,-0.290345224438859,-0.784331480058951,-1.26056227816286,-1.21905073786097,-2.17224995848879,-1.84038941253911,-1.54646227755917,-2.7114293182154,-2.3092736312941,-1.97487618305805,-1.72849911277643,-2.4349466722541,-2.0187638030754,-2.63139726990068,-1.93966129516412,-2.07766616757382,-0.833478184449117,-2.04943214042856,-0.972034282781291,-1.06436774375112,-1.79329719850299,-1.10077483015347,-1.34612849283807,-1.38114032621231,-1.68288173077922,-1.62561142458782,-1.30435309353623,-1.54277270624232,-0.579475891876855,-1.26501717484474,-1.33249410290796,-1.53757674225039,-1.15653246687377,-1.84073606842699,0.141893742645008,1.22590450852095,-0.235360700573855,0.829948613980886
"JAFLTL01_sp",0.775207075853022,3.58377366044061,2.71169915192336,0.970530517600682,2.16600563259684,2.83979415213242,2.1280732483373,2.88233734212219,2.42656226429975,3.06915028892812,2.3831691168061,2.21545528379869,2.56627052289485,1.77028696925677,0.94977686576445,2.14278103653604,1.2700757831261,2.04721263554208,2.70968116790917,2.81503439344845,2.62967807898442,2.66476545001488,2.59141100881085,2.39685798446285,1.36589122756813,3.65897536986647,1.77987846463116,2.56380445148212,2.70390353145076,3.60681737902296,2.06596924557245,3.05892319385424,1.69607317039137,2.36985274705832,1.43322336632532,1.39026481538417,1.52570497823834,2.40825160988919,1.79489255093766,2.73828808366651,2.46136001152438,2.47077114688457,3.180595766393,3.41035928104516,3.18490028709656,3.09001880663171,1.54926069179964,3.01949695746188,1.21201059798824,2.43112834539684,2.83544058579316,2.0491688760255,2.39121151505827,2.69871943572515,1.51790622177371,1.78154238068237,2.44678454926544,2.11150262318519,1.4590603566003,1.60466322150596,2.94014690391375,-0.708557531785411,1.79435150872005,1.42411355962604,0.691450724873279,1.99915892124747,2.01576489226033,3.21920207054574,2.43334478756607,2.61811943352278,1.92114988909312,1.14660435397122,1.13982193621417,0.345347046833902
"JAFLTL01_sp910578395",0.302979257146131,2.86399266239357,2.11874261520495,0.0890027343322224,1.5296124690515,2.02957678382247,1.42079681278595,2.16748621882564,1.55851717864715,2.2497149659347,1.90185707157357,1.29828460050697,1.90388787960874,0.778781405658059,0.211934136970152,1.03516645749009,0.565414108027879,0.95265925489076,1.90677525298688,1.98348552465222,1.89025348985776,1.80526827531305,1.96733938037027,1.71701617621838,0.52631924089898,2.73770168290274,1.16985145134004,1.46650468022168,2.05484161412543,2.83113116302123,1.52206596639812,2.38355291143689,1.03405453454797,1.74721362149691,0.243047268938938,0.0932484107629996,0.854928566377923,1.6472847474035,0.930647074712109,1.90963084784694,1.65999705352683,1.71602507516097,2.250337725415,2.79764998501957,2.45288648789474,2.30502422695639,0.797981498074016,2.07269710089415,0.428953233016918,1.63899368230986,2.00560311551065,1.22709087909621,1.62219099965463,1.90142886783993,0.858358044691814,0.949008350105414,1.65892815342614,1.23550391479585,0.8689470097141,0.945151050481623,2.27458828922614,-1.94344761642057,1.13202894012464,0.923593765889983,0.0419715494936064,1.46818946925453,1.24843132112197,2.4154374189353,1.45969355985782,1.50379393117269,1.23925732960688,0.554550507028337,0.502689108160828,-0.411459046606501
"JANFXS01_sp022791155",-9.67622928451733,-15.9907930001857,-8.58383861047958,-7.76730128139456,-3.24124258921811,-4.2507266670157,-17.2265009151231,-9.36554520978259,-2.81590251713433,-2.13572925855993,-9.95329171790626,-15.8321835189488,-10.1232087016842,-8.74133902240216,-16.9988800016161,-6.17821067424954,-10.3645194388482,-9.08161422806017,-9.97122155331312,-9.20852279749081,-9.46465780745156,-9.60262126542552,-10.2680043803924,-8.27651013193822,-3.07016816644627,-3.75105817324573,-17.1288230580419,-16.3092530776858,-9.9873696364975,-7.96830897632883,-16.9523541882584,-8.41925065824064,-9.08863044692613,-9.19463025711751,-9.3563125383869,-8.84102932093914,-2.88444111852641,-1.96111291034475,-2.89192706393289,-2.41103145449565,-2.96481014878236,-4.53821364011265,-9.01377648571744,-3.60827402958942,-2.91518526083553,-2.36909571564391,-2.76216921073601,-2.3150550567396,-17.1908046338483,-9.14236889764068,-17.3089145865545,-9.25120374668689,-9.09730530276495,-8.33260953766369,-17.4655376093108,-10.0846269307379,-17.3147106362273,-16.6854887025699,-17.0628312330264,-10.1858350237792,-3.23182863634749,-1.42046967098945,-2.65771761072616,-1.86880722923889,-9.34364660224482,-7.50032671219716,-17.6918135087798,-8.90619966920245,-2.68459048139108,-5.17618632586915,-9.12310969035721,-7.7920767586048,-9.10309225020629,-7.66976041641796
"Kineothri_sp",1.69527607162647,0.707155257443809,1.28877199690853,1.90230038553057,0.842072709217623,1.20028514335594,1.43989584632319,0.684765599609614,0.553368423790019,1.50544501587658,0.99778510817117,1.52010476277085,1.24391363108452,1.79395817114589,2.0792174290353,1.69166036451262,1.74739852053768,1.84070282863203,1.18722057866941,1.16512265364093,1.07752136022841,0.938747475147556,1.0879548514644,1.23934976747401,1.07524465342803,0.564232126021329,1.66343431811952,1.50393444849302,0.973668441861024,0.698902012021742,1.61307244017935,1.16477132894531,1.66789739663709,1.04623577955723,1.45291682123047,2.90370195738994,1.37141526505656,1.06767328801712,0.963310534199808,1.19675341670495,0.98380828970226,1.26519870492961,1.13237043959833,0.449489318906803,1.11880205244778,0.407197981201064,1.22272262951894,0.93467278647748,1.64058031017138,1.2995354668077,1.05555222915567,1.15508384908731,0.986542939242341,0.555570142228213,1.58487427850915,1.19566700153997,1.29537854316756,1.64318537596085,1.17405533035363,1.27314373488074,0.61374139538567,2.05311528332071,1.33018058594445,1.56338143836861,1.19238386924422,1.21110400798471,1.40408018449684,1.42127841457103,1.06885825944538,1.32275415533902,0.794353621412256,1.19370196328023,1.29198851218476,0.97010462313516
"Kineothrix_sp011958945",1.72034252139331,0.804125664173155,1.74525356756103,2.36461353668018,1.14144846262964,1.25648750373651,1.59700232832102,-0.571383986820038,0.906764334492314,1.65099532514746,1.19272521815941,1.30651502220698,2.41102871527861,2.27036410105952,2.60720052293362,1.54015364816635,2.43536210978435,1.97111914868861,1.47928709544428,1.11388149952062,1.08661037546487,1.04625194231435,1.41763398405819,1.43363222747355,1.0696679723112,0.701745873640954,2.50568282420881,2.03200263279309,1.40507335009711,0.529395579290741,1.80971377966615,1.25051401622666,2.65856424618541,0.824227614120527,1.43726266725401,2.71658967128752,1.62057538743534,1.05104594794588,1.4192366452986,1.57829848113718,1.19780514351634,1.30173201402175,1.58172689514097,2.13515070324948,1.55525840149627,1.66670365913008,1.33259158208795,1.94580043163536,1.78512642320487,1.27230421887519,1.41449737132987,0.956487270098279,0.518427803934014,-0.0625169503897229,2.48918824680676,1.23219424241667,1.89108861851127,1.73598740499692,1.83501539239867,1.61161732125428,1.06676044133147,2.28001258801937,1.86045254140451,1.94166619426117,1.95422039304204,1.03344550452423,1.88989759528799,0.318188863664794,1.30076495371094,0.553284162046435,1.59934077689906,1.70500531881667,1.81219254715754,1.30664146043072
"Kineothrix_sp910588855",-3.48019763494465,-4.3525838112963,-4.18244757614731,-3.11713868204966,-3.5087831455209,-3.56322086852915,-4.10340380696498,-4.31830158619678,-0.190467437203566,-3.06338204705243,-2.26567042416102,-2.64560479762299,-2.15672655470653,-2.15950930453685,-3.74550590581891,-3.78639583333783,-2.19125449111996,-0.327123881805152,-4.08028200959711,-2.80596484423456,-4.24549187920896,-3.52708017619168,-1.37780426091279,-3.05404287847155,-2.39830625599948,-2.97610936543792,0.831777345568097,0.0657693119243437,-3.83992964688338,-4.6106038177428,-3.12215602322229,-4.26951554021546,-3.16924388251334,-3.625987533986,-3.33268447808018,-3.46909910479033,-2.36094076899268,-3.13951638587753,-1.86018853231409,-3.67284692110174,-3.63282383861229,-3.69717020610567,-2.4831641993139,-3.07707321034931,-2.43552059813561,-3.46159849983857,-1.80467308281987,-2.55306908260293,-2.99242501303358,-3.81555640114607,-2.42564552696129,-4.35277846832254,-2.18561459592922,-3.17095199860265,-1.91959402306902,-2.9756670079603,-2.15733682083645,-3.3448496025283,-3.21833776677106,-2.20595209844589,-4.0052732765521,-3.27127414666144,-4.40942917946782,-3.74612261251234,-3.34210961952754,-4.32857603840233,-3.14882922556889,-3.5037835827261,-3.69012731080029,-3.29970646173636,0.580399630104987,1.18434863294507,0.0520518753474306,1.73514002365263
"Lachnoclostridium_B_sp",0.276620047979673,0.0451832883434626,-0.300148335205622,0.313838035380087,0.0276558276595562,-0.244026521900169,0.55907619137791,0.207402246145811,-0.0950004324463354,-0.451250885881008,0.443698468057333,-0.140498969789089,0.15133369281472,-0.098937093615497,0.0617480373215464,-0.120349266315699,0.0160338412619048,-0.150213653821337,-0.405359051633262,0.106468673566754,-0.245753362062917,0.247958238443378,0.0764751603653782,0.959689343668808,-0.134496724153168,-0.449090816949928,0.0365980784039692,-0.149149160106235,0.132818274495261,-0.143913266624304,0.588509208828498,0.178700615676766,0.373455937962694,0.523721709964638,0.35240569826408,0.680612282084773,0.253042626595255,0.0246198642199928,-0.0250305814087959,-0.088728918189485,-0.0250655051025834,-0.431939565054096,-0.0754421662161597,0.010806138707137,-0.188818362740406,-0.424138033934899,-0.289509706519167,0.00840726137379377,0.25569598258199,0.315399008420831,-0.157145781633854,0.55861049077879,0.313602860740156,0.0300092860898502,0.324919390421609,0.388624203409424,0.133351984263362,0.248751546057273,-0.231048203147171,0.177144004669287,-1.12556822722513,-0.324855215738015,-0.169256815333943,-0.0758263036304108,-0.413782901859545,-0.623443921964959,0.13916749150164,-0.331428185440911,0.0170300255158775,-0.336159437100672,0.693861894209883,0.896165779621512,-0.227051141181297,1.09522554283932
"Lachnoclostridium_pacaense",0.378955740679721,0.176544522430719,0.138219468594288,0.241919738168514,0.318842432524054,0.22986728459543,0.46086702162591,0.413102270939762,-0.175817991267618,-0.142945650932624,0.102161357310717,0.428062524114242,0.0844543580334367,0.176608274130315,0.495063181874343,0.312017979922251,0.368190448765073,0.388000215575181,0.29037129472105,0.135300890954255,0.307595540473521,0.571136786765125,-0.0932682994406733,0.218578530600805,0.183899857664166,0.0609351596539565,0.27884945191831,0.4315271063252,0.0248195738594603,0.601903898407658,0.0812817530632692,0.534058326168836,0.27287277432518,0.765657636236744,0.400218347348527,0.107668456103436,-0.0729694355980737,0.252591153862616,-0.0552208691161198,0.115541678670624,-0.300638354071539,0.439952433111584,0.150916256651143,0.342819064780576,-0.304153466135631,0.310535150261044,-0.0553575062804406,0.259053344124982,0.465382626622914,0.814249930410378,0.118754492559329,0.367084559019384,-0.00116707766619584,-0.014125238750621,0.444735040364668,0.598705340522228,0.297000924925184,0.660889999529291,0.455995368216094,0.613165265418221,-0.558277231654218,0.76541884387202,0.0263606862092214,-0.223011867928717,0.327288355768006,0.227916737655077,0.337415898868528,-0.0833675981636226,-0.168852645922559,0.183604288304956,-0.0666107446622348,-0.00720254209833371,0.12448019603139,-0.0900373655006614
"Lachnoclostridium_phocaeense",1.47857544134635,0.408833971071148,0.79709357924536,0.699432882537202,0.336507902473675,0.17739050338397,0.425837784124019,0.474636608089034,-0.206169899006641,-0.275658122587846,0.933870242596958,0.704381780010255,0.250747663996773,0.68503100234377,1.09974450999541,0.21109560277911,0.729204372186427,0.692379541154107,0.409556049162841,0.915898125708697,0.312697425964361,-1.01221781868323,0.365437554719092,0.0836466046499691,0.247345222396927,-0.0228655078223223,1.01740614273226,0.389018012813318,0.645989354853659,-0.204456550198804,1.50059727929214,-0.0227211024278802,0.286794808005029,-0.00720668491009313,0.49050251989731,0.334752628496506,0.555793879338633,0.0509299152753933,0.292777220948366,-0.236636315213117,0.0105144229400107,0.477191037511719,-0.512594593772203,0.105419347632273,-0.0300196166771087,0.334001029302497,0.708208648901884,0.239018879444794,0.996881407643244,0.347910773734389,0.0873504812405415,0.0294824428257066,0.615870136767304,0.116932541510815,0.438023478276607,-0.065386936139129,0.152609266490613,-0.107663015462654,0.189705680714189,0.620831860659182,-0.0688313264567597,0.382662480459148,0.547304421289896,0.205558580468082,0.887417571318283,0.271517001780287,-0.131780722530047,-0.641720327658044,-0.15844168299955,-0.808297493950539,0.657340939407662,-0.0961033524178188,0.610776520566043,0.285399888231654
"Lachnospiraceae_sp",3.0416769469318,2.7278107954234,2.53335203767726,3.12561570803051,2.45258335843906,2.79180111694584,2.88123395846556,3.20020748981643,2.26771166335988,2.91536248896992,2.52706601361075,3.29285137226164,2.42918280075076,3.16398341273679,3.05713487054462,3.70175813749018,2.74785224744767,3.23943205936163,2.35641490948064,3.20541924104659,2.35143481847789,2.68743397779814,2.71969958555614,2.89397505583322,2.47008166141349,2.4547833321633,3.2081588756378,3.02417400419117,2.45977515430764,2.62612259659121,3.26553541664608,2.63775326659844,2.86441253157041,2.99697267058764,2.79207128139008,4.39826924835916,2.79441797980174,2.71681387483681,2.51479692999819,2.89653384973661,2.24384141043074,3.3547512273124,2.76096637883231,2.6546696679165,2.1965189354415,2.51150866574754,2.49027680199727,2.69240924157892,3.15869798849048,3.10879603332523,2.38967380632041,3.11707544282107,2.70781432095109,2.45422020864851,2.73576758905543,2.80313276570124,2.80750827000989,3.17522079760264,2.57625277650493,3.01498602795057,2.19564073096437,3.71755048838399,2.82994933264615,3.4415025728585,2.68434136821842,3.04933273783601,2.53960058805684,3.12388788963738,2.29604120229031,3.00481200112132,2.58201239381879,3.17713579655484,2.62412847712734,3.13692866288363
"Lactobacillus_amylovorus",-1.95325601690342,-1.28957133745322,-2.29940725996955,-2.03714451244029,-2.99078359819748,-2.68015608370149,-4.31981651839068,-2.24996308359814,-1.618464387803,-2.99823073450831,-1.57460593612056,-2.06466329510326,-1.7555427904517,-2.45376402813818,-3.60176326860455,-2.8524628402419,-3.38437187294458,-3.91088026426681,-2.5327497918672,-2.03785109881463,-2.19445766259189,-2.75479529056501,-4.17790110832885,-2.5354574864559,-3.66006539571316,-2.2729594829534,-4.14523221264065,-1.01364729906645,-1.89718127636341,-2.10663141233324,-2.81684128072256,-1.84203401456173,-3.78696037365231,-2.13655866580925,-2.40996107199287,-2.57973422082501,-2.55214561047288,-2.32224493645609,-2.27061257957899,-2.21397026012842,-2.66564709465813,-3.4897555580119,-1.33871993008536,-2.75232591299534,-2.07032496754267,-2.21196489535856,-3.14819015813349,-2.80744987719251,-3.23537040745677,-3.80415796743096,-1.90485742785415,-2.85127935716799,-1.9667300542273,-1.24403090470537,-4.69022138639472,-2.98520473254368,-3.6456488275833,-2.71243437069563,-2.834617160872,-4.48309642710743,-1.74914373966251,-2.47501858134463,-4.90743418811936,-2.52891636614591,-4.34143782282177,-2.20360011024448,-1.60842825376488,-2.81834484398819,-2.11305018504381,-2.86512393359516,-1.19941850092762,0.271327826628278,-3.61196140900813,0.0190736132728055
"Lactobacillus_johnsonii",1.47059136476838,1.20839400709774,0.427966395889577,0.830893463066953,0.338655465565125,1.78717985273103,1.13091064574122,0.996806059186465,0.328314045435901,1.69698146031955,0.873457056096237,1.7083235246496,0.305179749237961,1.51586912081228,1.00592496073352,1.58111301191167,0.143616812065268,1.33896087141348,0.618087361382035,1.32764616289039,1.19041136252068,2.17468282317891,0.631887784543151,1.20037408520227,0.673648628848284,1.95000008777866,-0.292272437339545,2.30310485566364,0.572193690030213,2.51460197742087,1.53205326927994,1.84732127980885,0.643965477593456,1.58025600388053,1.29676380166203,3.23482425729793,0.605354022419318,0.778357105376807,0.425254826428052,0.812163069145722,0.38080186578232,0.640258343859582,1.66985261693197,1.66295453054361,0.620558795227094,1.50275284528014,0.684131100586166,1.32735658123684,0.948980874882396,1.54914704826654,0.679987099166711,1.34895765666116,0.366378720647941,1.55984577459528,0.448832469758587,0.610927641315254,0.556259310506055,0.963087623812454,-0.200388001435176,0.479086198040912,0.404314726681411,0.866122690057702,0.5992894405492,2.34722692550384,0.751734355982139,1.86540182218021,0.0597534255607233,1.88747206547931,0.836281576035489,1.94611148433041,-0.64083449522178,0.896660453378844,0.273915655902981,-0.510976105432112
"Lactobacillus_ultunensis",0.333452791524781,0.0434271155242705,0.324142245971274,-0.143654311286184,0.142488251819067,0.128441219808925,0.980053165420179,0.884203263500423,-0.308263638888773,-0.181977023835861,-0.489271062936238,-0.379610543039609,0.18616743107774,-0.304348480527491,0.145564975599411,-0.295301640362577,0.303940763472596,-0.144474689647771,0.0461117383346537,-0.328032119659175,0.0148660635322742,-0.185510250326461,-0.0405920900253207,-0.0923227614024782,-0.0657909179638185,-0.407728392056583,0.334371999350047,0.675650371067622,0.276064322902297,-0.249774159148389,0.546619708108969,0.0740407068313473,0.0909530443991073,0.344610791878146,0.206117837292696,0.587121928889028,-0.147418944040043,-0.160014210485564,-0.272850056537072,0.0379532809654517,-0.0818511855113861,-0.758609253661753,0.323497681270988,0.142132785350036,0.531053347672225,-0.0108582621866002,-0.0463197521540497,0.235017059956769,0.337077490019691,0.99896950177388,0.0778878801328826,0.866386879090742,0.757702577166974,-0.380165452414042,0.340613178544245,0.41432132138533,0.163921368428964,0.611433530008437,0.27737714449632,0.395699573953728,-0.405329480369662,0.7817296972623,-0.0464402393522647,-0.547115272912054,0.160559310080107,0.160021274302142,0.73073212518373,0.0679785257002301,-0.020642704334664,0.0551660606091247,0.0310639016526668,-0.73524350136103,0.00288488173434054,-0.490393454751555
"Lawsonibacter_sp",2.11583248474267,1.94332358274879,1.98037785988563,1.98714903446186,1.94641557704287,1.66142457135891,1.96587868756904,1.34284109509476,1.49738133968627,1.21613726490282,1.66916156643723,1.67162602469024,1.74567494752368,1.71783121595256,2.12331075176037,1.58369577808022,2.13562368971568,1.8741213615678,1.63342371741176,1.55217706162487,1.70984521848833,2.63569619103593,1.93003793315652,1.83917872306952,1.95628209111838,1.54544680825339,2.16214229218085,1.75995795158601,1.44116530858023,1.20017991305272,2.00689033698377,2.04379014313253,1.76305190685303,2.08445336021954,2.13059401972095,2.35274204896497,2.07895955907053,1.94942418908809,1.94254917029453,1.77216764872611,1.70017930749542,1.62290841807247,1.61683279555667,1.8747820383782,1.33857876718883,1.70987210893825,1.74310757811823,1.74143411968419,2.18672666581477,2.1461578911756,1.4952084197479,1.92733296781635,1.82041878940694,1.36408465090653,2.00841844253364,2.09532709906756,1.85296667109337,2.17904068538569,2.03783786766967,2.00355522108074,1.40608017631498,2.33687858112116,1.92355353865995,1.89701185567942,2.15887541739805,2.0240936071078,1.94357287203815,1.43399542412561,1.50392042383049,1.33558439084453,1.73733358512564,1.7949547769899,2.16429827332872,1.98736810384231
"Lawsonibacter_sp022801435",-0.00897699214743852,-0.583076755398116,-0.295776633109135,-0.0207377910746516,-0.514008200522554,-0.044112721037159,-0.550857498829039,-1.09142101951912,-1.08921277818813,-2.150680774253,-1.51354344467577,-0.817630289817474,-0.153530040940732,-0.150119199526282,-0.37112044142088,-0.659424238719843,-0.800034902656417,-0.166283644119439,-1.15272892799842,-0.640065742120093,-0.564122765804804,0.865834116637336,-0.411073044146438,-0.323828321454062,-0.277022489728065,-0.782838096709849,-0.347383824225155,-1.27186123380242,-0.850207453672633,-1.2633587355654,-0.744483100512415,-0.632596116225622,-0.474670984805488,-0.314429574114943,-0.649719250110881,-1.92199093627657,-0.745773278542453,-0.693323478154582,-0.658643956365495,-1.16510298175571,-0.52180342425638,-1.62524100373447,-0.839742841222273,-0.43852213132487,-1.10419076842825,-0.46239343421756,-0.889404944445719,-0.382151693751201,-0.365726897500601,-0.678712673659687,-0.67888756339536,-0.543077967155972,-0.947166847138764,-0.970922293765872,-0.673102438232444,0.0418699241014533,-0.597939651013103,-0.268078326579984,-0.559209270526758,-0.263998350756705,-1.10620273544121,0.313453645873816,-0.164436527351533,1.22997972713923,-0.336992107567058,0.52177820454814,-0.227277782519648,-1.80396125281931,-0.492548844592704,-0.96421916414028,-0.552646261363863,-0.187565070172342,-0.56439605018897,0.0553591357724539
"Ligilactobacillus_murinus",3.87611509512566,6.3443660235404,4.35500932390571,5.33213525213713,3.583016466639,4.03845807228537,3.79838126507648,4.13658073596805,3.72040651711636,4.48206447031065,4.88284145641029,4.74055954136417,3.8674738883592,4.23361049889152,3.86564379289912,3.63978337683998,3.1533845884098,3.02486415055507,4.8591432715168,3.76896736270017,4.36222668735982,4.1900239353942,4.28719663660973,4.56324951592983,3.79025954797075,4.41724640435624,4.04247219961487,6.25121799575721,4.37417575980452,4.87170123275943,3.34380667298081,4.1253069491625,3.64674811203757,4.02935049149523,3.86655905517217,4.23415401105856,3.7556953042759,4.45910149294498,4.27941623421674,3.86256543449985,4.27929226173135,3.46172804284008,4.28831982170908,4.84454165043839,4.9787598952298,4.02886267929098,4.12502936472003,3.81456165527615,3.27099329987884,3.96921013216519,4.73490411161871,3.96830714045683,4.28774332882233,4.51377449947237,3.36419058194622,3.35922511533578,3.95609306501155,3.54431592605242,4.03832546275801,3.22507627312314,4.82305915076427,3.62400744986471,3.59283509332041,3.599078193306,3.61458684516759,3.9743221981618,3.25076555072875,4.69450220882671,3.88880227001825,3.94652308604662,2.76643552268633,5.90029046242326,3.50798293356081,2.51488896415093
"MD308_sp910584615",-2.79768435491778,-3.12686103107611,-3.26665691406075,-2.44107299418293,-2.23099152541561,-1.27589675605889,-1.5720017828501,0.304736144903988,-1.93441751149098,-4.53946446126348,-0.896344512742781,-1.57052346782381,-2.63160237548544,-1.91924040684614,-2.48519492137785,-2.00766152977371,-2.0261331080132,-2.14862501961145,-3.43994021700105,-0.445628637150417,-2.06169300375137,-1.8629071810821,-3.35562381456028,-4.23990945782747,-3.18684665835924,-4.28575831079189,-4.34663717324943,-4.16755363362586,-3.13820791833332,-3.5762627062727,-1.67521733208557,-3.71796516210721,-3.00701369650262,-4.03905791681914,-4.4588045429023,-3.86888540602486,-2.75971872961895,-2.39649577313869,-1.9611031279277,-2.99805457849844,-1.32662779171496,-3.04777674482798,-2.3333623054381,-3.43083746168528,-3.11319994272083,-3.09483742169986,-3.64892235030858,-4.29724060752185,-2.39125161575594,-1.21298461137387,-3.97653180391652,0.180656263587609,-1.65873835921793,-1.46261862778675,-2.71490867712351,-4.46014022056454,-5.01533892273231,-4.54119040203466,-3.72354521410501,-3.17961182862145,-3.02057652602929,-1.70031618367215,-1.48923611250615,0.160259219230127,-2.98343798696981,-3.01841401940086,-4.0582253872686,-3.89415536822277,-2.87898713536102,-2.96143684555756,-0.187691682071774,1.0535090815767,-2.4660858160979,0.939192860668886
"MGBC131033_sp910585655",-0.427610712159312,0.487563677025161,0.249575829246757,0.96275218094353,-1.03266505639573,-4.75822072019161,-4.1776742884351,-5.2205550628916,-0.365719305305872,-4.73325508574038,-0.236254835230275,-3.91825622483103,0.311295378397531,0.848195070841777,0.602279942491364,-3.68663502388423,-4.25417912000406,-4.87036108648125,-4.98669070130297,-4.87403336227459,-5.20955586635135,-4.13293716368018,-0.237932724356858,0.828169358016231,-0.160910625459399,-0.0303172824137228,-4.34352249161351,-5.05044596832916,-4.40596950813008,-4.58937765372084,-4.25579843197048,-4.49029187610629,-4.27388838965392,-3.91043750773424,-4.48695252996498,-4.33877818895889,-0.145557688405875,0.0278611147756198,-4.89904903281022,-4.95440923104927,-5.18846732023634,-4.92207246772536,-5.59173127154245,-4.9377575594747,-4.95870709369232,-4.73162389796235,-0.0297960856440209,-4.66910455085929,-4.17002668449787,-4.43378058120411,-4.92145415339044,-4.77376539748924,-4.21279573597053,-4.15180670320333,-2.68924643588903,-1.25081703996775,-4.72125539013972,-4.49117998146,-0.107768096741744,-0.250326944252265,-5.19324895547065,-4.6945777306009,0.437367358820064,-5.08753653055317,-0.634861897597951,-1.46788578248738,-4.28974781263996,-4.1449107412924,-4.87192287560083,-4.07397101208914,0.654712033995747,0.248355222458436,0.540441157783373,-2.030254808245
"MGBC136627_sp910585935",0.738946515476229,1.81008873392733,1.25172480682694,2.13508033882444,1.41689436921547,1.90776564205209,1.63847226503269,3.08482000952186,2.09267582164804,2.28741701237116,1.23993659071259,2.09530008575152,1.75110141415217,2.15254741045363,1.40754746527421,2.10271907064208,1.58436913929564,2.22841308250216,1.08627802097307,1.75195950713905,1.03321823656124,1.328040716317,1.37530048739753,2.09731103651867,1.69802700859849,1.39715452880271,2.07621476067209,2.32258338579166,0.989729184146853,1.13564159490178,1.1714042434147,1.81261875620079,1.29222302489905,2.16727194256685,1.05787231356166,3.19977071307096,1.04186624750255,1.28132377301248,1.16661378975676,1.34367847439917,0.885206682307128,1.8897971441455,4.1709436087951,2.20199680284844,1.40934746418738,1.78409420975705,0.93096431622986,1.70612413745671,1.14293326531153,1.08126112293116,1.09143046164596,1.13689460835357,0.552307422706427,1.03866395849142,1.10484719431915,1.68496813019496,1.45867712283604,1.91540974496174,2.03083282525075,1.52113754264235,1.42016675750915,2.73914500417138,1.20726661645964,1.41860960332895,1.51218830511711,1.67186275098095,1.71343951306836,0.854034903120828,0.326187383651725,0.779456378708423,0.569747000990271,1.50760378078908,0.754805352631667,1.41881230937485
"MGBC163016_sp",0.89171247491991,-1.34854843307351,-1.26565851842862,-3.00304951845472,-1.80339138086797,-1.01671649709719,-0.437784406795293,-0.636961099475494,-0.723350136116171,-7.11312375166204,-0.630808720857374,-5.20683985921623,-0.657990956325341,-3.78680137829649,-1.64402872653155,-0.0354615962523805,-2.86463139738723,-4.44903804088163,-1.07176746792715,-0.783918252612461,-2.18146785380332,0.984746094688328,-1.50370067365673,-5.52874083740827,-2.51027471117067,-0.190392089471905,-2.67293707471106,-3.04921166686747,-1.72198648187006,-3.23833865444229,-1.57675984102444,-3.09848710286277,-1.15533202367668,-3.01551185877568,-3.60285505156273,-15.7487845999213,-2.06258163406828,-3.72645399320499,-1.3772690571896,-3.85038230258739,-1.39291161053704,-1.297539737874,-2.1605449766525,-1.61821950752717,-0.979467542482068,-1.6666856327263,-1.89422687958569,-1.59913178766071,-1.14320644999914,-4.08450974475615,-0.962399804655879,-5.25810575322945,-2.65701089926391,-2.5429428490108,-1.76664297357459,-3.57115945927379,-0.764736209849753,-3.53762328415326,-1.24245681198471,-1.87401324780672,-2.43960759106329,-1.07720681539407,-1.60065240160398,-2.96744752485273,-0.503019181793842,-0.721464570623924,-3.70768992808185,-2.59121605963669,-1.4207421903786,-3.89881171703453,-2.85449505022742,-5.06141741464173,-1.97991480868036,-5.42421139180719
"MGBC163016_sp910588905",1.42850051850513,-1.42172807524707,1.5742418779884,-1.47888355205601,0.162714293928619,0.389187026992774,1.35146454671048,-0.82987811657231,0.434861027309298,-1.51630053443723,1.53493960097242,-1.35001607036904,0.892405871216761,-1.15062230439889,-1.62837335597646,-1.44641384455478,-0.44169191504426,-1.43514011152403,1.18131965385476,-1.50603805081574,0.904980241790277,0.808633236233009,1.26205926342092,-1.11021905966972,-0.959893699651346,-1.64519812419374,1.10619242917726,-1.31761008698516,-0.875220209748733,-0.779551133224865,1.28668788567975,-0.743773335555398,0.681155755686413,-0.799088522966674,1.49652076826226,-1.36271435751234,0.927640543650416,-0.703365449518724,1.38723784076512,-1.86637244361099,0.91180148770024,-0.344963811360957,1.66104138866829,-1.18127359423801,1.68906378472037,-1.54430005316978,0.816732240818748,-0.8125290971584,0.469376148088246,0.841585857073831,1.38384406058122,-0.993991802793943,-1.41947661775519,-1.29496218880187,1.45734644486891,0.374873154370579,1.22656409561751,0.331219660787918,1.04879359666666,-0.983662518190272,1.15582539564558,-1.11632650642636,-0.49674026629051,-1.27190966433975,1.50793683971952,-1.58779607104394,-1.02632902972203,-1.94591930479893,-0.772065031652925,-1.79897658312749,-1.49311735084252,-1.29322775175008,-0.108097740529647,-1.116612933683
"MGBC163016_sp910589135",0.667946810288649,-1.38927580971164,0.502506573802192,-1.20566423290029,-0.581014135257238,-2.31917928999001,-0.520719437679974,-2.36637277352984,-1.81085130212603,-2.59934548145362,-2.08005981166865,-2.45410872752242,-0.445119666669914,-2.32898716814791,-2.95938384695735,-2.57957674697419,-3.58552182203731,-3.07881417128844,-0.597313891560882,-0.799535833599011,-2.52284415575747,-3.21741704585664,-1.26646737345695,-2.21598837510064,-2.50286541122072,-1.41764403926508,-1.14647668597199,-2.0845868966156,-1.22022085070824,-1.90706653261342,-1.87504645059652,-2.33604000236345,-1.04188749113607,-2.66460359228646,-2.88124105186233,-1.76689387663417,-2.39482552859241,-2.96386303372963,-0.471660535934719,-3.23297812609312,-1.67841439080632,-1.81069759750034,-0.439112629216751,-2.48956698487515,-0.985985339561459,-2.41015439807786,-0.670493180342577,-2.11342496482731,-1.59918036571283,-2.50844078183342,-1.62190882187606,-2.57226269008027,-2.82446550304555,-1.87298151536825,-0.122757939620676,-2.7464856644291,-0.489159360480347,-2.94632585386824,-1.41073778769809,-2.71133741111981,-0.851639056130182,-3.30082566914303,-2.34769775414733,0.560026465638344,-3.7652220302478,-2.36823454665855,-2.51966657185534,-2.90782405860422,-3.02463850273193,-3.03532048220231,-2.87547706400166,-2.07595736432147,-4.659992181022,-3.13761156242168
"MGBC163490_sp910588075",-1.61095120417446,-1.67306758492568,-1.84389698297563,-0.702119182392721,-1.71447517290013,-1.06829564268968,0.163158793840671,0.546174118528581,-1.99580763593616,-1.49177686018964,0.0882210088263484,0.600248817897938,0.566942282691784,-0.0376790857701756,-0.727012056695134,0.861444158108666,-0.480055034481019,0.694338743550995,0.555581742512262,1.41729937035475,-0.0265935101086665,1.76422270224395,0.32219753140374,0.662094680393736,-0.384441468672671,1.73702017653451,0.250497033403624,1.25890491655361,-0.294951077043264,2.89374227758819,-0.251185798845015,1.8951005904351,-0.0248955912491677,1.83498450434548,-1.85969648215016,-0.239317239533181,-0.642328105553986,0.15303695380676,0.105123932591173,0.668840449878887,0.130720470138186,-0.116106057151603,-0.73210210423081,3.1145009277041,0.234134493468257,1.76454824148982,-0.267046943142267,1.54546757169621,-0.909042437155671,1.78545221580629,0.499447732417938,0.220309576156916,-0.549429777688987,2.06277444222258,-0.376554145608447,0.155998493977799,-0.368748467969608,-0.580952060919564,-0.553791732269859,-0.252489781633983,1.14909731780351,-0.516371847024647,-0.714331958656548,2.26781248344643,-0.415236564614219,0.169439790533865,1.37075569443152,2.92425892872038,0.0707913898578294,2.94982605225341,-1.57530590301569,-0.709263950444084,-1.41783225801657,1.80890416269255
"MGBC164599_sp",1.94282866083963,1.44127615343791,1.20001719467342,1.97675978508141,0.889249955005203,0.887904593736948,1.50396018565668,1.67931238315439,1.04987932741136,1.4120137307322,1.56703176412768,1.58044832246488,1.80545292871677,1.74004143186826,1.8980789452083,1.93073497804874,2.23306687784354,2.01359469048053,1.4308772393036,1.90637872261742,0.75244266928965,1.51182837808724,0.938309412430311,1.68173342176389,1.31605825496867,1.02460924281549,1.84924777595976,1.33053102549153,0.847990320677384,1.29200434576391,2.30062598410748,1.2385097807174,1.55371859776704,1.98641370577282,1.56195788500475,2.27153103379707,1.34156868271099,1.64885397224745,1.2443822066122,1.54978066725122,1.20088939392809,1.63888223534198,1.49041428604291,1.4926555188874,0.565673809143547,1.43615565530526,1.13767868489364,1.33430715076201,1.72644349659812,1.72443646428144,1.13587776221153,1.45877977294051,0.769892828427128,1.78081301904677,1.93253529511232,1.8022983825631,1.29417237254388,1.60098798828686,1.30566475614771,1.89095654941866,0.800995066280656,2.55166044848408,1.11404024509791,2.20448403444956,1.50712069741059,1.88161732630477,0.787222922549983,1.30863804372965,0.821409593784496,1.2440535699443,0.4805310481447,0.822162650284517,1.37682081106153,0.671180777108434
"MGBC164599_sp910575625",1.48353407183379,-0.803332725322809,-1.04411758225993,-1.97702587179808,0.348202138416028,-0.752136607746763,0.11039738245511,0.498183220684183,-1.49711536633018,-1.24395388853122,-0.863689719298137,-1.44224344020601,-0.317802642789211,-1.85350091082722,0.483129014027215,-1.33290806848175,0.39156873242468,-1.52063598907468,-0.83936426419112,-1.8540891324416,0.778654676566637,-0.697437443545287,1.10409320579422,-0.746057522721872,-0.853870612951587,-1.83532297462096,-0.0343835860984729,-1.35714264968954,1.00045083808503,0.0345455611839807,0.781304160285568,0.0229297641242798,1.21036689018587,0.673789942534764,-0.422974870536672,-1.49518493122487,0.240757325682081,-1.0758113263433,-0.474397709958092,-1.78191047730468,-0.879277047811266,-0.713943528555696,-1.88954825447923,-0.27279879084981,-0.534564916334807,-0.623650537558589,-0.172112884317286,-1.03579421959611,-0.247294132867347,-2.05412624294675,-1.98608943275695,-1.8434012354883,1.04897205147042,0.0800680915510483,-1.10769335713634,-0.594421711351812,-0.610947230338525,-1.22063283176502,-0.889659785370556,-0.697293304736325,-1.26661906523283,-1.7929023626214,1.21773299481486,-1.15746184762709,0.931442448532728,-2.21213847248534,-0.340293509433135,-1.69960059223739,-0.754481448323778,-1.54324426663642,1.16079006106251,0.731233137572662,-0.279738027263388,1.98747928034041
"MGBC165282_sp910589265",0.894365962380066,1.33383192454416,0.973720624729589,2.19364018343225,0.670609063922576,0.96415899559865,1.56597853002689,1.41272284332683,0.782620090811694,0.969697302780004,1.41223578787877,1.51054660631354,1.21030864616334,1.91701116315894,1.9086844111979,1.085317002863,1.49590615991369,1.25572368240465,1.06183832477318,1.00948492347649,1.05214261812915,1.44799285212042,1.02146555960486,0.73551600378569,1.05291754977855,0.485611499324309,1.70452219601943,1.24507284670364,0.972016126185066,1.00900065173672,1.54194302851025,1.36386962738803,1.56956644483192,2.14598360713609,1.50135740982443,1.70950217870389,1.1810122323103,1.39150068240771,1.12766859424135,1.43281312454512,1.02092183705801,1.50319606217387,1.19527845175156,1.51630213275839,0.74948639023137,1.23860258245387,1.3252298091058,1.4890342643517,1.511897161671,1.3743593362134,0.878414290580331,0.836422313681084,1.29504742208481,1.22173029424837,1.48695167124557,1.5601249429475,1.11128608285807,2.25567160356684,1.15396052008003,1.59748077198329,0.300724459601515,1.68448491935971,1.55560594702004,1.90984477395015,0.738197713222835,1.37873190526904,1.10756278800401,0.934213143678409,1.08647955206119,0.939454007168377,1.59057052184017,2.05735666563089,1.26635954627727,2.24449462805377
"Massilicoli_timonensis",0.889014853083943,0.831175257761185,0.635554990874043,0.981773115886304,0.697089162762179,1.03410786891656,1.15492667594987,1.35080697566777,0.345045812739448,0.701719492268497,0.417638499904944,1.16508118142334,0.832968853274258,0.976470702514437,0.911063348011281,0.993072806946278,0.929396754384495,1.3002039534529,0.592235822711601,0.892148733513856,0.761980645392832,1.21277368242595,0.622357467017299,0.989922643329308,0.915025091035009,0.678772794738585,0.817324999953458,0.940782540093554,0.541119571369507,0.957774118549866,0.719188622841324,0.888863982450429,0.744357689139552,1.17826750850329,0.875023412243443,1.1675978078495,0.58819723665675,1.02714944868978,0.439579751541991,0.847847845186086,0.325443119241257,1.15418092086602,0.878182340704843,0.859059625161414,0.633009986122904,0.885708717207841,0.657005645025082,0.926628442288024,0.87845037919435,1.10290661300161,0.524875462994299,0.883823941708362,0.736839389858634,0.689203450390265,0.787660790106408,1.010080319863,0.813202030114862,1.0375542732094,0.951462397901823,0.875272964822926,0.231177203223099,1.22351470977929,0.488459839090465,0.640521705713969,0.526358190220526,0.527508076935471,0.875433117294234,0.581908680090828,0.489737038954047,1.05131832950226,0.784022827652228,1.02965064444115,0.766577153054563,0.84981048600174
"Merdisoma_sp",-0.743229065331061,-0.857106067554842,-1.2211795005097,-0.790673758061475,-1.19213773062651,-0.762672348135366,-0.331391772152985,0.122128824068984,-1.57107462081641,-1.72406532920935,-1.44120011750446,-0.958075353912529,-1.4908753252762,-0.820862198168955,-0.887919948590991,-0.859586128568628,-0.750303688381273,-0.986857039190918,-1.14446787690613,-0.541560597477682,-1.61799216040486,-0.551621069247281,-1.2575746705547,-1.00837040690805,-1.11566887494756,-1.39552400552656,-0.578361459646695,-1.1313403166412,-1.18206211606581,-0.778193460776084,-0.700678270869901,-0.614993889170114,-0.863750301050784,-0.714448435935399,-0.735587678206814,-0.543266333851818,-1.15509463038388,-1.07364216133672,-1.42005567631646,-0.995911248662493,-1.39819281295018,-0.518814761775552,-1.42887689171854,-1.05065812451419,-1.86361937353156,-1.1976641358673,-1.70839539466916,-0.753224119934757,-0.806508087711469,-0.471524408210382,-1.17069704554427,-0.937984611557559,-0.923049533868468,-1.24701630342683,-0.782934269584635,-0.786801643908829,-1.00871335939221,-0.458184270036474,-0.673262849011035,-0.977048658646433,-1.75740109404967,-0.411483595666043,-1.07383780481792,0.367492101917158,-1.13231638095784,-0.866285908310319,-0.723622741975225,-0.789333309475754,-1.5194917743828,-0.874165405505449,-0.0721195426698191,1.15827387747817,-1.3359307356228,1.11285687646314
"Merdisoma_sp910574475",-0.574804392258891,-1.31051071441581,-0.989876848616827,-0.679288956659752,-1.26275577114578,-1.56602235562669,-1.89916968374474,-2.05010595287233,-1.05683393821127,-1.2167544452128,-0.990946147416935,-0.997909037764471,-0.919453714804151,-1.27703236073528,-0.620318733635004,-1.01750365732242,-0.459920803792887,-0.277112784054088,-1.00734556156712,-1.51415572378983,-0.89331322988596,-2.09308042712299,-0.767351573403232,-0.249204252552193,-0.976496415544053,-1.27141561823774,-0.795572238102833,-0.480941039201692,-0.901906441700763,-1.62374582276013,-0.329341776531457,-1.09251494930034,-1.05491287925995,-1.19668174305933,-0.40606597932174,1.25480165133909,-0.992464369370474,-1.20985133745875,-1.07298606849772,-0.603206234596202,-1.34200231287471,-0.671770207936968,-0.778686026923118,-1.12727719571008,-1.25711160633222,-1.51086319349445,-0.942130162179488,-1.40433756023585,-0.663470668951268,-0.479130501472316,-1.26464320953449,-0.483228617870205,-1.05423759275155,-2.39278627995019,-0.586821660547271,-0.595035679137791,-1.3983726045522,-0.432515802558289,-1.08716322927945,-0.622715315901738,-1.58251028903075,-0.250934244027404,-0.827615167922424,-0.671033948509676,-1.05190746262782,-1.08239498590652,-1.44845124963195,-2.04957348756262,-0.900259556337836,-1.19913331295978,-0.551970178994834,-1.43450099207607,-1.01070276196266,-1.04491116669432
"Mucispirillum_schaedleri",1.76277084516531,2.57966311444473,-1.58208678623553,-1.1072863158349,1.29149082332263,3.01733489518999,2.98347254478829,2.74212899517114,2.12282458071642,2.34414780923391,0.644873593257367,1.73573907097569,-1.00501947479348,-0.852720816670843,3.2800535021446,2.79618268706882,2.96128024999267,3.78255010409478,2.60611844961452,2.21085963834419,1.87692434863463,0.160591457407602,1.86332859812221,3.63542647592236,2.351861762792,1.7216863669653,2.67840997126503,2.80851270826295,1.30835308307411,1.87371279071187,3.10433916799272,1.93205874180026,2.69090418068238,3.89376436953954,2.41812491611664,4.95496545290551,-1.57053477244981,-1.58663529852361,2.31195935551023,1.89194772236745,2.11370467692526,3.05633919788914,2.14454304343981,2.29853611235626,2.0251040941218,1.67907163976194,2.38832208942246,1.93030770767277,2.87709891115783,3.57110393955599,2.17927963201476,2.97311167711924,0.472777812664031,2.14709608174216,2.71006116599475,0.89917495258716,1.80242021262003,2.83871878099667,2.61490819958956,2.27736476564207,1.46070397861449,4.51740173856503,3.37233000211901,0.244012998877933,2.23960712218482,2.27286071867374,2.60391603761573,2.82704848017538,1.79548600107762,2.68442061129415,2.18028264899184,3.03868627196167,2.97293021427804,2.58281473481291
"Muribaculum_gordoncarteri",3.08883847645509,2.90038891796643,2.42129480638037,2.02722043426217,2.05959600435787,2.58688666863865,2.69421289832811,1.81597848002259,1.97160051681474,2.47417811855189,2.61446206862106,2.51576668068353,2.17897884819238,2.21265697716092,2.6294925436122,2.5560958248722,1.98952981178889,2.6239407256268,2.52795900190531,2.37433356421643,2.49839863020373,3.11827381710887,2.39028523927414,2.30181268254216,2.1869861170171,2.70260992249561,1.58211774998442,2.55736168256739,2.31208549566619,2.78768987156624,3.13239686271045,2.86586834341898,2.30467877433817,2.74854116937721,2.55920975207101,4.16882615230516,2.38825823924592,2.48281186167484,2.13696116618283,2.13815066610477,2.21243124565622,2.08504096105627,2.86848828801733,2.55085542220537,2.6004220584874,2.02527438576582,2.29081397495814,2.23855992805946,2.53790330467731,2.34847216215712,2.30739512049492,2.04821339744754,2.05487101609924,2.51523776987208,2.36799126800214,2.28690091846467,2.35463487864011,2.47093718250095,1.80608787340802,2.17146087512933,1.9371752115536,2.62554768985728,2.35646509049518,2.02301497747979,2.44234665236411,2.43043056833731,1.60524093375884,2.50099425017575,2.40750437986635,2.43325140439466,1.85424547445843,2.31538253494248,2.05070446293083,1.56884180060942
"Muribaculum_intestinale",-2.31577583648355,0.45781336707658,0.159417300237596,-2.63353452320744,-0.344955588191256,-0.772793644093893,-1.15363204971558,-2.37853245441725,0.493920476805815,-0.185532079632324,0.866005951026905,-1.52876126760235,1.44328474482799,-2.03472841916908,-0.468253133073558,-1.16286738924612,-0.302686132411251,-1.81412090123571,1.28601803105752,-0.317733083037011,0.668620355670569,1.26734851443503,0.335994098654178,-1.46504243947913,-1.03995222527772,-0.0850379323346377,-0.569271925962367,-1.48259007222439,0.407788365265663,-0.0912155903844223,-0.379841500329318,-0.250161928209733,-1.01274044432871,-0.534836882650003,-0.193620797823446,-1.05162900063017,-0.489381557101909,-1.21710431318621,0.118956757357619,-0.171730993422335,1.0254930552747,-0.505415778267706,2.45244407890872,-0.798852387580908,1.55649192616518,-0.324942229303744,-0.467886398549588,-0.65852483332217,-0.87839553378366,-1.32725465654707,0.553474467457677,-1.74037626295084,0.77373387600076,1.63657905917318,-0.387656161396635,-0.432662342510508,0.752449113425543,-1.02111821692074,-0.345073432909627,-0.993666158100639,0.669414278225553,-3.76612258784327,-0.27633025755526,-0.492861388897149,-2.0191590399504,-0.471126842573657,0.631192177247,1.59130378673644,1.95555880430916,1.32432338950562,0.274818189107462,-1.5242241456638,-2.98371732549585,-2.99610108579198
"Nanosyncoccus_sp",-4.34469391018018,-4.20614717582391,-4.70988041941978,-3.67783365642719,-5.36117484878129,-4.30260502695302,-5.04773780333647,-4.2779673932402,-2.65588155447204,-4.16053642624714,-4.90259631945437,-4.57619109428216,-4.81408290520575,-4.20755057721567,-4.90017544111885,-4.58235550006151,-4.95120067960562,-4.60118560723582,-4.8648095216009,-4.14760638775379,-5.16009283920574,-4.3803335934854,-4.99633390980315,-3.72525408267169,-2.44518358882342,-3.95243868456193,-2.18103786611919,-2.97434613079789,-4.23870302898785,-4.27877473663376,-4.91819148893625,-4.55405514428467,-3.94177764881264,-4.49643987618651,-2.02997396213362,-3.64125134248079,-4.65976827098316,-4.55282010526987,-4.78165188766187,-3.99734156776495,-4.4928554776745,-4.77627931139678,-4.0999127720848,-4.31486653133976,-4.09632440459222,-3.84538436161054,-4.78694918476937,-4.46638774832025,-4.55121082464978,-4.43076427285669,-4.7782615616566,-3.65555116608938,-4.74368209692397,-3.45783220646438,-5.11276194908853,-4.73545961806662,-4.85349589728189,-4.56067492059783,-4.84888962911758,-5.07965321417175,-4.33217572198288,-4.17431904564912,-4.09185355362466,-3.67138350727176,-4.34593445343905,-4.02426926032556,-2.47908249742875,-1.68282120677935,-2.75628619988129,-1.81171550051575,-2.87722488855417,-1.68263586119358,-3.83160788990214,-0.611995017909473
"Odoribacter_sp910589025",-2.88148296285341,-3.01775131429662,2.13224626269237,-1.88590514865949,0.930008060839215,-1.11888671248514,2.0843627710222,2.79784766976305,-3.48117346110228,-3.58781183130948,-2.65869297574642,-2.78916425995494,-3.18507560581275,-2.68440017078005,-2.83320987877374,-2.62373377132937,-2.565737904065,-3.30846584039455,-2.05392821614522,-2.98581955335426,-1.82207827906949,-3.01716247002251,-3.56374444911576,-2.62233690057388,-2.65593565030684,-4.06260935779506,-3.06674308938574,-3.40294344378377,-3.54037919612135,-2.93002998123575,-3.25599660388713,-3.08664491484343,-3.2650836907015,-2.74522262953055,-2.13572389765928,-3.35623238744849,1.75989473643359,-3.1811890982434,1.16990670354374,-1.85913361776157,2.43525700009961,-2.24102467473599,-3.16673384677944,-3.39271339573476,-2.97068215987753,-3.55303913514721,-2.64748192157284,-3.55650794096977,-3.03441940137195,-3.21397727950866,-3.52064779260182,-2.43831729192933,-3.09239050753152,-3.49801266992559,-2.93758521562366,-3.00360261230349,-3.32597224431566,-3.13011249717576,-2.63026111717933,-3.38994022843981,0.21885080457765,-2.86140976560425,-3.57913181956332,-2.62705281862132,0.975878813768134,-3.22127732431274,-2.65224520610632,-3.56796471698858,-3.19981717673442,-3.42088833237451,-3.45784687784434,-2.94769677736578,-2.90568383320409,-3.13194979363414
"Oscillospiraceae_sp",1.13527916950715,1.11193658180907,1.23506441227728,1.30907095309944,1.32785630820179,1.07220697860562,1.11918774442504,0.816791935948178,0.761795120677363,0.712442575969598,0.831533627831927,1.4166579314008,1.1350891066561,1.31783885645617,1.41825103958947,1.42652173710936,1.36219458765244,1.46966830366898,0.942475925748223,0.947730854142097,1.20125316697843,1.58933109530616,0.982630632386106,1.28426593375202,1.02051357344877,0.7904506089346,1.26365132031404,1.22250691086285,0.944547321865633,1.0926470753266,1.45096100351632,1.46305723031935,1.51965353607882,1.79251160397313,1.55353401159847,1.88028629178184,1.0834638602799,1.19546583673035,0.840304278295998,1.12287648986767,0.557187282529977,1.08589805914588,1.07147259182411,1.34908978753164,0.371271323453627,1.36487832102291,0.76331096530755,1.18198756512101,1.75868308011094,2.15181620150027,1.16169006910881,1.78068330010032,1.1351594013451,0.565770862639962,1.40599456963867,1.79306014079968,1.26423257683436,1.8444998950406,1.28699316496269,1.63068773446183,0.189119113426989,1.94062051006683,0.938116932613182,1.09366456647738,1.20596787821393,1.2067057900869,1.33957859852186,1.06845155027167,0.884196319176176,1.00440368206727,0.949553861532713,1.08359771933065,1.08065261348173,1.17507280800045
"Paralachnospira_sp022792335",-2.31701799300562,-1.92821847882591,-3.25654379990879,-2.76385495396362,-0.53713094963147,-1.8529416718386,-1.50692400424715,-3.06964287947779,-2.47145413907379,-2.41108328889098,-1.94835650892542,-1.81370926010615,-3.0758724466878,-1.97054021401192,-0.619665322714033,-1.19288137779551,-2.45998565014599,-0.943293825552383,-2.18590472842939,-2.1892243548686,-4.78769733306498,-3.92203702687489,-2.42103317156177,-2.04585520414605,-2.16395603741487,-3.09293331623359,-1.89476031245842,-3.0119990175058,-3.33209789751255,-4.62741376847505,-3.99821066567238,-3.74258061255492,-4.06008538339747,-4.50153098168987,-1.78752583613049,-0.0780237877752938,0.296908342465326,-2.02605256399986,-0.962019810057397,-1.68363313358784,-1.91526583917522,-2.80559684575479,-2.71281547704727,-3.47711549316036,-2.03586189703922,-2.50347879940732,-1.62367374936564,-1.27765006634181,-2.18724061457205,-4.44424129743186,-2.93509480812815,-3.98917805378626,-0.529295735481561,-3.61389925732655,-2.06602531287606,-2.63117224908018,-3.22160546356587,-3.63774973834435,-3.31441178461667,-3.04890640922589,-3.10198259981913,-1.63524071252741,-2.53240432073959,-2.27835511397052,-2.17903063727656,-2.80171809703754,-2.71263196382546,-2.62490909954702,-2.74605276281593,-2.43316619163308,-0.722453701380898,-1.02600573095034,-1.40874789086243,-1.30575744338962
"Paramuribaculum_intestinale",-6.62500178853067,-4.69427134966658,-5.23174912956694,-6.88628712187434,-5.68649455345202,-5.47504893965173,-5.97059900165082,-5.06338733957791,-6.01145203721832,-5.16554023103511,-4.97235303554684,-6.17844019952402,-5.57762373155681,-6.39902975494778,-6.50871751303054,-6.43966399012036,-6.17519808572298,-6.35340198713402,-5.24238345932492,-5.33776980359422,-5.50657216369685,-5.60738638260001,-5.35566572112129,-5.6939545788259,-6.14847529245854,-4.70616210638071,-6.25277786817833,-5.7781974069025,-5.19296020949537,-4.6955966936563,-5.65008802811388,-5.0489043133956,-6.292386235088,-5.32873886620323,-6.27398245935728,-6.90777028943739,-6.33091923770494,-5.57766081648878,-6.18342041143568,-3.57621458385763,1.70694221324369,-2.17072461127796,-4.71044815033917,-4.83063552172336,-5.07989746508695,-5.14167676038176,-6.22565174805689,-5.64876016492891,-6.08130136515233,-6.12350620669783,-5.54578308512045,-6.12197893130191,-5.23129823835799,-5.32927182380453,-6.30867299116126,-6.05562120982413,-5.55995333878998,-5.89191066666212,-6.51625371647174,-6.28649207150844,-5.29741713311114,-7.63507634229544,-6.8905079018845,-6.73757873382221,-7.10538671980733,-6.17534940006608,-4.75410160030795,-3.90975120057674,-4.9944696608254,-4.01644608736019,-5.977164027845,-6.45471007110833,-6.38755425372771,-6.74324216438836
"Paramuribaculum_sp001689565",-1.90401441217882,-0.503730946436212,3.02059444094688,-2.72235215854305,0.528940250519298,-1.13511964471778,-1.64526570504139,-1.15750372279486,-1.13709178522723,-1.34743529133829,-1.06056177023178,-1.81187832611627,-1.15082627661698,-2.38342811492008,-1.90002572648675,-2.0608278604861,-1.7180665655864,-2.19386626732197,-0.705457827398805,-1.27312738023691,-1.1012389500229,-0.872139781861371,-1.38231163214481,-1.5243280462362,0.921944029954144,-0.652429921677992,-2.31281776152617,-1.29974429654274,2.77098974208157,-0.729544355198835,-1.36075379097453,-0.881742095168956,-2.08842908575431,-1.33436800900048,-1.34834663791466,-1.89091307226677,0.792848385235393,-1.25567936302848,-1.09225597435831,-1.2337737603615,1.20079062200054,-1.49252396920642,-0.287153670493391,-0.82507070200214,3.11427967113626,-1.40125668965944,1.90484530579295,-1.01905059656846,-1.1455882179427,-1.52005579063462,0.268364483674953,-1.88328034490243,2.43906416398949,0.807107334969325,-1.64373311619607,-1.67811237112429,-1.08468710205584,-1.65648183317612,-1.26311001633074,-1.71136834766547,-1.04812810009732,-2.84990294909838,-1.61805168154395,-1.87156517334267,-2.15268274196846,-1.50796356894765,2.4922973097278,-1.19622108045201,-1.23738546030977,-1.0257658843899,-1.51696019867837,-1.55458890934577,-2.35040771187272,-1.91411884080627
"Pelethenecus_sp910577745",2.19119817758497,2.15849872241029,2.02470957722683,2.61088484305846,2.58286791535721,1.94106199323721,2.20908435392645,4.03583121038331,2.53107002927538,2.8098507151806,2.45686855462986,3.11429774719579,2.58530273489051,2.68396019781796,2.77437508530227,2.54918283966431,2.42160827354968,2.61147193155545,2.50460191263219,2.93219695272247,2.36836862392719,2.46362019968368,2.29326904402891,2.59225412142719,2.36868689361137,2.30502215665114,2.90588447134314,2.71330614573407,2.30995122750353,2.35773460557821,2.16455082216544,2.63717379742119,1.91919960632032,2.64147065206066,2.24306803415548,3.52660039214789,2.24851626087274,2.27734107915444,2.51577987764957,2.52964329874671,1.8982109510772,2.45670978996461,4.41543987944684,2.75183249493648,2.3485598511442,2.35487032470386,2.00743220887173,2.29353234293523,2.30893754697791,1.90034602867954,2.14279636109446,2.06423971795036,1.54102135384004,2.9394800692432,2.14503360674243,2.53415987491953,2.42583830322703,2.58467304554755,2.46614768954519,2.54244023246961,2.66577531833809,2.96549439095027,1.89380096317728,2.2452956973085,2.62066692159404,2.38791080744073,2.84939287422071,2.40296775045303,2.2093327259071,2.84671951168585,1.83449778720291,1.82023592877469,2.40546011881334,2.30957567902794
"Pelethomonas_sp",3.1683151288594,3.11331145423864,2.90594303697835,3.06836976932626,3.0927710591895,3.03797351117096,2.9713459360479,2.86487268557547,2.56793049119109,2.30798433241862,2.1447927627176,2.93622983922529,2.86041631492172,2.7727619543293,3.11283651625742,2.93589686991352,3.13681640592824,3.05617640219347,2.87441311460119,2.49095315306908,3.07099453095763,3.29342853519937,2.8992907843524,3.09474374131803,2.8479170470385,2.47027484441169,3.16178394900084,3.15873824647669,2.78942182389074,2.78437157682416,3.15672161202117,3.23956009181267,3.0014218329068,3.36883831068375,3.37626985287068,3.10043402341347,2.81660723835443,3.11809578382289,2.61201399320616,2.78251502594926,2.47387941420553,2.77194491050371,2.87110266302398,2.8760107739764,2.31465368227588,3.06101064907543,2.65459238420156,2.97114126018306,3.2798617912937,3.8628469122796,2.80185777173361,3.40728062085068,2.93421077815038,2.19246866369846,3.27269728615457,3.46588698880069,2.93649392957952,3.62516866258915,3.18077863314583,3.47819934621393,2.12812726663817,3.45665453029064,2.91290079419696,1.77705094807642,3.13891663533893,2.76795445301799,3.18143816621116,2.74088355968085,2.5828163288794,2.80148724352052,2.83305298303878,2.41776892183546,2.91701052414363,2.84121617819356
"Pelethomonas_sp910579965",1.84691143818694,2.11316990386684,1.32619079752516,1.79891647430201,1.69702862551915,1.93902200866652,2.89409300074585,2.91950220260604,1.14354769129757,0.15091237453754,0.697951269022941,2.11721495464463,0.809857937504082,1.51687823799166,1.02878748712978,2.514302563673,1.55830408749143,1.43959617455491,2.20203204063358,1.97660324801834,1.67448792868922,1.35938659355235,0.540329081167632,2.45784013618765,2.33101867377367,0.725919939104489,1.26902744802323,0.774861238996499,1.17387213605948,2.2373332140261,0.834272434118398,0.675249544491319,0.950523076733301,2.23696775833456,2.9778704750414,0.457815762447581,1.46726597850193,1.70977004963718,0.658075187736051,1.76879223634006,0.621656574471459,2.69641688780584,1.85600956414203,1.51604542892794,1.30950054791371,1.03829612277222,1.54707799176951,0.362846933354117,1.43213267922179,0.744831791053748,0.828013713831032,2.55951146052192,0.229779984507738,1.26378920912107,1.59053988144646,1.70775232200796,1.39472662775127,0.456006526699047,1.98660806311381,0.943705849313121,0.809712783387022,1.47989898088898,0.66473734323999,-0.585662007083329,1.43889053264924,0.676498142647731,2.01951099755218,-0.00104249147100255,1.64757330618657,1.03255854116609,0.485021762019452,0.823004423567932,1.01808579338934,0.863403225739273
"Phocaeicola_barnesiae",0.21630605809387,1.7937466365546,1.0457807219342,1.22981087786878,0.158049612742621,1.96147319776412,0.592344171363955,1.41134764017879,0.542388617034723,1.9455879782541,1.11851754910966,1.93421809926646,0.851221800086616,1.83571123636006,0.63512031628869,1.66667434289768,0.408423305869032,1.42058255098208,1.02655298055462,1.71454878034501,1.29823174675087,2.21069426304563,0.579671463081052,1.39169149246286,0.471507121806562,2.17308516607551,0.334438063469936,2.56388909564904,0.756400850695274,2.70301330807538,0.61029267998437,1.99724595263239,0.841822304650197,1.60768055461125,1.36550060802389,2.95777482635194,0.370018937043987,1.19465139478642,0.520201083017536,1.48865896325627,0.684830439895551,1.06882469643102,1.88063504001141,2.34303522926247,1.28021577339992,2.03743415955037,0.499980896612879,1.82345456685036,0.558756393779639,1.64384184827083,0.90861599949657,1.6195302098549,0.951640056238473,1.99914605572588,0.116509891142661,0.663196170297471,0.896194863579595,0.884848470858707,0.331725609305616,0.445172947231098,1.13292175139856,0.547811584020865,0.788338411907745,2.83344542112042,0.119131984845762,2.05850033314415,0.743585695260185,2.22227165814444,1.23176857542129,2.4023376597304,0.0766545122299842,1.07693136600674,0.143073529234247,0.405924578934064
"Pseudobutyricicoccus_sp910579575",1.70747573477843,0.78613841981379,1.04816538750412,0.45902323506408,0.850243591012037,0.730978106231907,0.496850314491549,0.594212840290227,0.661083854150487,0.755709316616151,0.278823669942286,-0.174529994442084,0.237600628890997,-0.0130713623002805,0.930040382577687,-0.0647617778606921,1.38720506821748,1.29176100950042,-0.163416554904028,-0.219952108518251,1.05339402901149,1.53789487373648,1.0450134146043,1.33240687139083,0.807441627586911,-0.289841465853106,1.33258372702733,0.0519431713322103,1.19546379301252,1.03766614816952,0.426000607386909,1.04707744510504,1.18019753388787,1.30023230958352,0.294358133099216,0.712617736657677,0.929290646054934,1.0996035804522,0.898631361368222,1.08363415239267,-0.366936794980504,-0.459348593619708,-0.30443426898683,0.439851491200677,0.895949742674585,0.427064455209305,0.89036412152435,0.660153319549002,1.28257189454253,1.37954177740588,0.89568158278027,1.40246469949754,1.74978453692364,0.732956405893422,0.887711204965097,1.41706102932597,1.03954790423801,1.21610760733537,1.0424137636094,0.862600097815598,0.202595453849458,1.21975841782533,0.743749194249421,0.110548708642833,0.900375567118308,1.32582061352496,1.28738065000369,1.19830939679746,0.954345508810949,0.36174738649299,1.37751263766495,1.49621434978272,1.03584458036305,1.34469191273602
"Pumilibacter_sp",-9.18792881266185,-7.85896821517846,-6.96008918365222,-7.76398609957543,-0.721774331139121,-2.85324772019779,-2.08868959900467,-3.84755430545963,-2.23462967172642,-2.23981309352117,-5.15712107926478,-6.43952159017862,-9.21604287758708,-9.8295311581738,-4.15346979109056,-8.56220304187892,-10.3615239298684,-16.6825166876023,-9.97122155331312,-8.96596885265678,-4.33095568377867,-7.00841014053424,-4.67415210577511,-7.69105253147274,-0.431648259569135,-7.01334703107617,-4.44582392663124,-9.22922657776316,-4.23698669489724,-4.12785931179398,-6.17312710170376,-3.42990437556232,-5.22700990472329,-4.70645230748474,-8.5405544004916,-8.0853769350278,-5.03326765721496,-4.83380333564395,-1.56300500495516,-7.47273524813507,-1.50699271155369,-2.63767390739163,-7.79427487977388,-5.21379785310622,-3.29642792301565,-5.70891608955429,-4.48896998598165,-6.25814147594898,-10.2820498545331,-9.81964272904433,-1.50557899672038,-5.02867829499869,-3.89542006870425,-3.36572287028042,-3.65347097484909,-5.76713881720158,-4.26052118002698,-6.48185952123228,-3.3558573404588,-5.89421187643795,-1.55285560730647,-7.20716707206813,-8.06318159249644,-8.49002235456691,-1.84768826358342,-5.29149201610151,-0.749413212675773,-6.0436845519361,-1.72143304877913,-2.77276005692332,-17.3255921369337,-9.17837111972469,-3.67057944580609,-8.18058604018395
"RGIG4057_sp910577675",-2.07542024857517,-2.3790450237519,1.40728742500571,-2.0365943284073,-2.22063289002049,-2.51558370983524,-1.82320191238113,-1.68660127446563,1.25222865103179,-2.26401255481271,0.310421253167565,-0.0567927069893912,1.76890897930295,-1.92103288918175,2.35176524070312,-1.79748118732634,0.168236288915306,-1.72590347894896,2.25129261654543,-1.87489081823428,-2.59448446515068,-2.46023064947908,1.5680763208257,-2.09266470667978,-1.88732511286231,-3.17304129993942,-2.29488837410558,-2.41303664737486,1.73557027301474,-2.76363438048463,-1.87182069469375,-2.13657390195203,2.45214916430137,-1.90803866237381,2.9901887567994,-1.33866569770796,-2.35182723867576,-2.16247992990391,1.11124422969955,-1.97123858797105,1.24383525351507,-2.03851103927584,-2.24222645664651,-2.56270439380808,-2.69293049884486,-2.48853722499077,-2.56255566403343,-2.5708634826265,2.00276454213499,-1.6507223085872,1.78282072855293,-1.1754431286317,-0.365183062481011,-1.98110109790781,-1.03609172471079,-2.10687834043632,-2.36604659808797,-2.03194824222665,-2.09193115630652,-2.16789896325922,1.67516423691046,-1.47305364366049,-2.34033240402548,-1.97422931675515,0.0255159781008896,-2.07455720679918,-1.95614748171594,-2.49415400534573,-2.55121349426198,-2.54114384771601,-2.49485597171705,-2.22325240815648,-2.22201677087756,-2.28202199515372
"RGIG7193_sp",-0.14029530418328,-0.880571987095399,-0.336884305578483,-0.262716696117382,-0.165564918132938,-0.0802603303828526,-0.119694675630949,-0.784165184063349,-0.679486522547446,-0.735613455034386,-1.11931863181807,-0.610513474521454,-0.761185124766767,-0.476135165477771,-0.648814664518458,-1.73941899539339,-0.468421975881702,-0.48173060651393,-0.799825044816624,-1.11024643425104,-0.674767458714244,-0.574680789418212,-0.588386455199934,-0.203411906263263,-0.216087996455627,-0.851450366634067,-0.115003489622227,-0.61451123785389,-0.729093941815233,-0.689336821690697,-0.277639578231041,-0.843773191914158,-0.290694202464113,-0.493358287445444,-0.347630407160912,-0.807517514245728,-0.305340224928921,-0.274614930771898,-0.437876846622199,-0.32974919661158,-0.355124122082501,-0.84636916907203,-0.332116183741114,-1.77622008446243,-0.990054163268768,-0.672250190561167,-0.711131745120376,-0.608706642505718,-0.363914167621687,-0.0302318816697937,-0.689967468767174,0.180435305712063,-0.286423731246192,-0.965298456984923,-0.218214500029065,0.0567203963637919,-0.353903454603314,-0.164770379399529,-0.253561045892379,-0.0772343760484144,-1.20907399581834,0.354174793323599,-0.800088625323529,-1.18874229057016,-0.23483262409302,-0.493398269803359,-0.495518978939202,-2.52088386104897,-1.59093477016448,-2.39686200545373,-0.946468498543933,-0.348156525603988,-0.409177271736256,-0.536807696797071
"RGIG7193_sp022791755",-2.7846061935256,-4.75734337112011,-4.26168304389577,-4.41940771392212,-1.92594264969751,-1.64133787134808,-4.01652600752373,-5.10316115113911,-2.6655127092821,-3.10317954393596,-2.9920942550543,-3.90055429808935,-3.97679810870162,-4.17952062390857,-2.85623855906331,-1.87986800400213,-3.4071038981508,-3.3749874688856,-4.1190621779159,-4.27383306030936,-5.14128040321502,-4.58882956036911,-4.17029645746238,-3.84491027557135,-4.01501719160921,-3.79544003031985,-3.05286699833546,-3.82673121263692,-4.63965276765469,-5.01136950749399,-4.40259255248701,-4.71508365643985,-3.20160369316702,-4.69832368604527,-0.412549437730748,-2.00300575775078,-0.725233057325978,-2.16070371897376,-1.69269725513213,-1.72456343822303,-2.0326375903722,-3.12426815510021,-4.5969620255579,-4.28704750529512,-1.73198911216019,-3.57348728902023,-2.58036591045002,-2.54578680537829,-4.42132055582122,-4.6623255219333,-1.78384353455491,-1.75452780904869,-2.01802771254679,-4.4044713980638,-2.75817369463859,-3.60748381319684,-3.3999531123256,-3.70282426952518,-3.5244453402429,-3.37220802332196,-1.82413795298373,-3.42706487955359,-3.31154230866644,-3.41187933181834,-3.11305295623641,-4.03621087098883,-2.88725146816869,-2.18837502274538,-3.13694439067432,-2.01691816390496,-1.30706160520925,-2.74254131555099,-2.43312446584292,-1.84208383899285
"RGIG8607_sp910588535",-0.125636537562876,-0.0234122215401946,1.5455019347377,1.22554546390135,0.958778226729581,1.5250978613877,1.09718763423089,2.93254682501716,0.261243257969781,1.76849294532635,0.25947150316477,1.39359710578639,1.42415339006036,1.84613859282371,1.15715112142996,1.48492048886561,1.37917837204394,1.61377932235723,0.983206777794843,-0.330823370914159,0.00721171114748564,-0.0232615081953647,0.721511598423261,1.17978817886125,0.771266850580268,0.327209158700185,0.744925149412291,0.782828123984673,1.41750174396882,0.497827398000059,-0.331632841237088,0.66232898054052,1.50075859107317,1.08062370064413,1.0114098891354,3.15932988249406,0.878639617718937,0.457362653293451,0.435761447561315,0.418659940514445,1.01270735621706,0.105195620709578,0.167843424012002,1.47523056595953,1.64126824680868,0.812423339743496,1.39392319865765,1.48212831150889,1.04440593360549,1.12210186740303,0.544891950760485,1.38031953400908,1.25760255068717,0.104914766184764,-0.100315962059767,0.385231599121679,0.919657541437065,0.716173547333778,1.94602877652807,0.550953640071928,0.605792332556582,1.45158431936552,0.740991624674397,0.630380737811178,0.0103156731523644,0.742156069786382,1.89204276654767,0.558296136019994,0.195179952542491,0.41577881858511,2.01981373317568,3.36952990692637,1.06999293042078,3.18547170691319
"Roseburia_sp910587865",0.653649461872064,-0.599291081542848,0.175427071249279,0.360746420016802,-0.911900584428093,-0.53205126190632,0.302877690129195,0.229544846533603,-0.682961469971438,0.261544504838154,-0.237022873660427,-1.71763931215998,0.025569876157963,0.554486813905585,-0.284521983987954,0.375351254416435,0.962737711175544,-0.079885570363901,-0.260964261717124,-1.37209634159517,0.224178066788776,-1.31146745312354,0.163145293294495,-0.481269128136548,-0.116794172055254,-0.724740986500727,1.10721796825666,-0.40205983251513,0.242197550447687,-0.0560852156269274,1.24909963685145,-2.75050279071819,0.776507849960636,-0.0484336480819376,1.53774199255497,2.11602416429197,0.689130462764188,0.233996629995566,0.118642230180717,0.85085705669095,0.279313977912944,0.280506711672917,-0.288603899839607,-0.0984862329158727,-0.348084054546852,-0.586001434823638,-0.238245101248271,-0.873411773244575,0.827545888101765,-0.422437984896577,-0.0689235149938927,-0.402029351739557,1.01505174937624,-0.441304794149998,0.27482232338626,0.163981529184966,0.1476829680189,0.582027078630896,-0.617427061476945,0.527477089517019,-0.161913263650387,1.30267835860096,0.184974072165236,0.614189192324266,0.714075669444307,0.515551254566978,0.447790618582859,-0.202541433770623,-0.377186889734247,0.474682126524655,-0.280587606683278,0.726351020394462,-0.68623216966976,0.0120491770735924
"Ruminiclostridium_E_sp910585505",-3.8983191153327,-4.36102716595165,-4.55830489336704,-4.19918605750312,-4.78046061907225,-4.76466829463662,-4.77098559194477,-3.99605667928356,-4.85051505385053,-4.85856047323997,-4.57383224824139,-4.45101958516078,-4.98726940895981,-4.33032181134597,-4.12468571853153,-4.50037097407498,-4.54907335483102,-4.31041278801414,-4.83338989055022,-4.79353296792697,0.138607370698207,-3.76785674869524,-4.6269416374301,-4.37778754920011,-3.57561816716892,-4.70968014715864,-4.42186906961722,-4.64331472278291,-4.39778662616633,-4.51247190570835,-3.31396035575335,-4.53112288339641,-3.8957606368609,-4.41604091156611,-4.52402645881479,-3.77842162976444,-3.95112920407624,-4.03639486170437,-4.45535824260207,-4.11606036808996,-4.9070389554814,-4.43608567834503,-4.10468308159349,-5.34576816557712,-0.352137429979141,-4.58169778428193,-0.565854245536897,-4.54373171370442,-4.54039558707108,-4.28682917408478,-4.77848204929663,-3.91957034042719,-3.7840054818105,-4.85179456998752,0.0777897584710647,-0.952007804780358,-4.58316417742534,-4.42549621505033,-0.11690577181143,-1.9457659698115,-0.687991017300821,-4.28917546436376,-4.6981968874723,-4.17172345452331,-4.39567662187218,-4.61617984434543,-4.11312208813768,-4.15494841818166,-4.23783015823631,-4.29998373087053,-2.45420213711533,-1.25666097451755,-4.07631884806675,-1.44858294366508
"Schaedlerella_sp",1.33439687447453,0.747439740901521,0.193961384112178,1.2879866918676,0.33816353167574,-0.664448154194552,0.526758288078948,-0.563052331542915,0.0899712213575814,-0.484103626137705,0.913391468969566,0.735864955665436,0.147605733748728,1.3010517676293,0.929985683902171,0.590722931529433,0.636087054533725,0.71206364818743,0.221626599658169,1.00359280826845,-0.258619576427055,-0.376925434214886,0.0513736467725643,0.729896066362134,0.607845167388469,0.47361658596931,1.05780981046116,0.426929243542967,-0.333113034190811,-0.873795331097934,0.518566833748283,-0.550422275123095,0.295539947263299,-0.0422586390889368,0.662023288090078,0.610990074203793,0.140393534727263,0.843112334269065,0.470454233969797,0.138393368610036,-0.160849226593006,0.856505825439148,0.158545042570918,0.697518392885954,-0.658154094723768,0.793851547732512,-0.0437044683649983,0.706316633344025,0.55531073350731,1.02537833346864,-0.172389392184167,0.685728313184123,-0.131877814824325,-0.539975995707248,0.838090015031634,0.762512967162607,0.424987161959077,0.447781756991466,0.263673895650951,1.50893116573701,-0.46306024797825,0.803106737596044,0.128222474613795,0.0642166078880066,0.970056015028321,1.08221438521633,-0.352462923515066,-0.178260904771706,-0.273683703009791,-0.183560874686831,-0.272452382964216,0.316345993108404,0.462584448055205,0.502476639666519
"Sporofaciens_sp",2.1147758218587,1.68991382625198,1.48634918818431,2.08376843077723,1.49096145986681,1.38858958210839,1.85851876306014,2.13634226004206,1.35675818838713,1.53666942942393,1.85839450363788,1.80314742716144,1.66021938328138,2.67312757303208,2.05785586391356,1.82915523580014,1.89904682377951,1.92227192507183,1.83611138779663,2.24203703723696,1.2375780061143,2.23606592537479,1.65169574151913,2.04784420233125,2.0100740561789,1.70310436794588,2.57036396220937,1.69169713918927,1.56949612722476,1.56898614144093,2.2275574301844,1.54432728402361,1.95565669101565,1.76478206184837,2.13660969901559,3.04700577810565,1.81505932839787,1.60089881851984,1.83830782915363,2.16198707181155,1.50283242005961,2.058519730007,1.83164934055894,2.24537469895055,1.43937661261861,2.0199319578807,1.54586774637777,1.93300560162723,1.94975850353026,2.03179882593089,1.61333416133102,1.87330519146989,1.98259613117759,1.44493056179649,1.71595595897796,1.76378172476582,1.83780340664488,2.13087212524021,1.76505373256577,1.77672692995799,1.44200878416302,2.1173653800272,1.59036777833771,3.89224859038119,1.61202751147185,1.97823479310257,1.74562318948451,1.92610209801071,1.40715993968079,2.04328695568744,1.57999602105679,2.27417213467012,1.35691185656588,2.36075886599925
"Sporofaciens_sp910575835",1.68970525164761,2.32160719116989,0.0237258634625448,2.12417798726375,1.71238035908917,0.309408797017939,2.8374576229042,-0.717197974397099,1.07653729936412,1.8034604572031,2.47511304581529,0.968034158300545,1.01303343654489,2.33939584851222,2.24962085122087,2.28223420371607,1.27362135594961,1.10329514236092,0.703134256093238,1.68977270547208,0.978487373057803,2.33831663414044,1.18325104275023,2.28805612959731,0.615421162567062,1.74511606889672,1.71568505769159,1.46839746450624,0.806393222290913,0.544038694490926,0.75549859281444,1.30061285764279,0.857468027045904,0.545697112702001,0.956761881057268,2.13115327929206,0.239696161262856,1.09506540281203,1.8134375259119,2.21028377075636,0.73306396631029,2.03530114856683,0.994583698480467,1.02386482200313,-0.339001079042895,0.995906139183949,0.237988305488733,1.64350747033277,0.926849225915507,2.2397767057691,0.365833179748451,2.37706765037975,0.512244757189304,-0.0170562718819696,1.650663846147,2.06238125029724,1.97964436095499,1.20180586473729,0.69583538796269,2.05442225202278,0.98153407610352,1.30603048044959,1.1276971265843,-0.264531020231475,2.08829425549261,1.98702978268365,0.76028518191988,1.99076923184135,1.10403559587492,1.932489736781,0.221067709039266,1.40473876353047,0.826463548216129,1.29263980655988
"UBA11774_sp022790905",-2.8011051202903,-3.69318547415205,-3.72088296026441,-3.00868681845209,-2.58630701910302,-1.80656185700849,-3.88461493413036,-3.30521479925284,-2.33673589513526,-1.96135363175908,-2.40454186922682,-1.89615500197608,-2.59012368109204,-2.29550282499153,-2.48713353811784,-1.73027474318106,-3.76416606304172,-2.68087517117007,-2.62789946930406,-2.5453390172365,-4.00606001498645,-3.78445092489181,-2.36232529639521,-2.31465461266008,-2.28105229991126,-1.57312072318727,-3.40073487060445,-3.1258058897906,-2.36090226200457,-2.46293191297757,-2.4293444343849,-3.06706745912072,-1.46823292372058,-2.78487918418369,-1.74967799801712,-2.05812663313721,-1.99188805477212,-3.18243137964484,-1.93320583325855,-1.89953253289295,-1.97914531012563,-1.88821399410419,-2.71510944779634,-2.68151745823272,-2.05016060715295,-1.5254592743815,-2.08983625666639,-1.62390359724195,-3.32500123177998,-3.07409957160487,-3.04478684271543,-2.80024183584672,-2.33078249873286,-1.99278983407053,-1.71770986949594,-2.11684046750088,-2.61393613759916,-2.6122700880847,-2.57996885239276,-2.49770129475896,-2.2193042486439,-2.01979945650623,-2.63344844536493,-2.5373029296304,-1.95035376433357,-1.81865863491966,0.460024214816347,1.84319586042329,0.439366700361866,1.83599122304163,0.109404280521572,-0.496191425774709,-2.22689744786377,-0.370796910738845
"UBA1381_sp",-0.841714978216125,-2.20776534548233,-6.86781760145263,-5.42199845871536,-2.06666784289022,-2.86077220836809,-5.71307557511118,-6.73798225959307,-1.66223310228159,-2.1884911790509,-1.40276298163265,-3.05306848420505,-2.13412254919461,-4.20958813728343,-2.33044288273442,-2.0660321473609,-3.21870283392171,-1.80038308434212,-2.57687658244987,-3.91110083169441,-1.7055657640187,-3.20211233295572,-1.24278034697706,-3.53636293871016,-2.82829081370623,-2.58251351081996,-5.71873906197139,-6.31688506265575,-5.46301912661142,-5.69309508013091,-5.36346818248563,-6.81281725482684,-5.88263724788894,-5.72964603220552,-1.32871115322624,-2.20458026685405,-2.20880851646634,-2.53598098882265,-2.36139941498109,-3.02557920034443,-2.27146383768771,-3.01898497320273,-1.67599487678198,-2.39964712072337,-1.67403496182433,-1.87054440427737,-1.98080607300898,-2.10311501281859,-1.45009711427324,-1.27879318291211,-1.93543353096489,-0.892185353127042,-1.72639023992492,-1.77095454163735,-2.22785626489827,-2.31820664289347,-1.9556729347346,-2.75374030214563,-2.35789068447168,-2.45298849324128,-2.17283091376217,-2.91727579981958,-2.10700869865418,-6.06445227490302,-2.8246246908953,-2.15104393000794,-2.68967306934053,-1.02471547253492,-1.73189924992744,-6.18623843755778,-2.49217332771633,-4.05222499911477,-1.89353606738346,-4.1379734650522
"UBA3282_sp",3.1389467641799,2.76140734344629,2.96945785458283,3.34498919665674,2.5133811572158,2.49691949118986,2.88256808760441,2.81623248395467,2.32074216774678,3.22125266859946,3.12102932553391,3.10178296619768,2.42707765189938,3.26625272107955,3.09787013476572,3.6947505094557,2.45922570233092,3.73397124247925,2.65850470863851,3.114469906994,2.82881278492382,2.71629359623117,2.67588824275164,3.14529560189822,2.69593529837562,2.90215148446933,2.82433160240406,3.42681094588193,2.69417212525681,2.23702462921239,3.02167250589699,2.35769411407039,3.17964311780289,2.56571444605767,2.66424839221286,3.98418240070261,2.99121890915265,2.94265339122993,2.85317448363039,3.1342039212398,2.44041552861127,3.20569736952771,3.07008782444526,2.04430286698181,2.7136382772847,1.84753463941679,2.78993565317271,2.50824663615228,3.04881962393807,2.60659901305924,2.70780962949684,2.59250687948267,2.71890916704571,2.07487538649565,2.49746850451886,2.9405461283088,2.91943385900948,3.04423121420916,2.46093743564279,2.84843620226376,2.37625176515736,3.76388091597567,3.06385418428786,3.43479600264286,2.92789062924251,2.90663733730521,2.51088981268437,2.81066077402065,2.39372462527432,2.80366069533077,2.65456576000389,2.09478684104253,2.70855798586701,2.13415733298607
"UBA3282_sp003611805",-5.16305127312929,-5.24558741128088,-5.82311468683795,-5.12017816720157,-2.88010255042512,-4.23220331008768,-2.87931265696104,-3.96192232908928,-5.18388582452518,-4.88201602113558,-5.06587168733575,-4.73735257848683,-5.55260944480462,-5.00875596853571,-4.95323435754467,-4.16150322206763,-4.86924645100636,-4.34552104836412,-5.6100483478344,-5.179997576306,-5.82908683474603,-4.79307827534522,-5.46100417122235,-4.81080538615428,-3.09951879256162,-5.24773265955921,-5.6002309581927,-4.65560960577664,-5.66129185336143,-6.49391216698739,-5.58830003022779,-5.59803845238853,-4.6926557075788,-5.77268215745293,-0.184094666475946,-3.81571561706415,-4.60048519941997,-4.90364751727909,-5.00585163468901,-5.0105596443351,-4.88574353001644,-5.2043680034605,-4.76932512342511,-6.33292488402098,-4.85303405770304,-5.23395617209798,-3.25692617142134,-5.52531391960942,-5.75523548812627,-5.77496962472874,-5.84964309491988,-4.25745195695159,-5.18784574057954,-5.45525865338624,-5.88222824078749,-5.48070752665145,-5.58697222326318,-5.09340091735347,-4.70053719593029,-5.95470395589943,-5.21510369651287,-4.61755963645613,-4.36064230398777,-4.48148823846879,-4.63037565849403,-5.02659055402247,-1.11932608692373,-0.52255569914109,-1.43826549620958,-0.69230560158457,1.12403543563472,-4.45246227025458,-4.31955254747981,-4.12083867384071
"UBA3282_sp009774655",1.63647285384333,-0.203548613156608,1.96146743417591,1.07578055215989,0.402429654502779,0.608241325644101,1.35097260666821,-0.364167292867318,1.00745397753959,2.15697196241927,1.39414531884812,1.4574667804358,1.46750255520861,1.72681067063769,1.53329584587346,1.531608408,0.796397022590403,2.76322451152406,1.67112065696883,2.11124918462141,1.69695349743875,0.773861796449147,1.31876568205145,1.49421271305807,0.734400372104222,0.592867535635881,0.782450089601465,2.41371468290328,1.70760899091881,0.618466992545617,1.48344292550028,0.999719877510314,2.72007642217786,0.825209605293452,1.72242989447785,2.13107716645302,2.04775655176575,1.50925371995578,1.74530646000595,1.23961637301844,1.3332814483212,1.8314676569475,2.20348399464316,-0.657871622629097,1.07892469712866,-1.33298892432935,1.87353999199937,1.30122717425449,1.07834728520939,1.52694680420962,1.37286630012314,0.983106302067133,2.28093146915083,0.962703489643197,0.273819381079546,1.51179533733629,0.762291600192109,1.95573494193408,0.46264399034807,1.25404223651609,1.1508613099526,2.01476038498399,2.20020147960042,2.08879971399115,1.81100461677519,1.95997281342334,2.06681696873185,1.87586495148488,1.50421904519762,1.85494699952812,0.692974881748068,0.725007026826821,1.08749587022317,1.60376540858687
"UBA3282_sp910575245",-1.45229848649651,-0.607977800320937,-1.7534435134461,-1.4596903032701,-1.45407793176283,-0.749620959123874,-0.650754176897326,0.710368980909037,-1.88371062398715,-1.20015684756858,-1.77139505452752,-1.62411006290774,-1.20290395406724,-1.99843561257443,-1.37116245707467,-1.54835718835302,-1.32809909554915,-2.00650679345781,-2.3552526645753,-1.87605385814419,-1.29867977746325,-0.734098606348068,-1.46653174891771,-1.35797961540084,-1.17036066467281,-1.7449179063053,-1.59975243844504,-1.41339977412395,-1.04143566272524,0.264642776859507,-0.348913319352075,0.320140133218947,-0.881192899901796,0.635324515342333,-0.977989540686599,-0.963098336997716,-1.4442818348741,-1.61135509910228,-1.799933499198,-3.36801443402206,-1.83347647324404,-0.659200489111228,-1.93791310082467,-0.0779375906661421,-1.74548500306833,-0.506937038656009,-1.6180221886633,-1.05862480279346,-0.851533527005643,-1.44205422858838,-1.48527308689899,-0.96362136121269,-1.57543519917419,-2.50851183435299,-1.2703057473743,-0.73232538429731,-0.759560839507984,-1.98483510458988,-1.54703689669679,-0.696615436054762,-2.33153980949962,-2.6991865637742,-2.22817876695714,-1.33256854723544,-2.31340617470157,-4.32011271668689,-1.78075752553088,-1.87325727696536,-1.21430753720966,-1.57622734263275,-1.78342754710119,-1.58766143042183,-2.09112575711713,-1.43949414946948
"UBA3282_sp910577735",2.4238967606686,3.63306036403076,2.47608586337445,3.13149072430477,1.99672374364159,2.96935032183573,2.70043207224454,3.68065525629526,2.13897050122718,3.38426723295235,2.28236230242623,3.09196177844633,2.52636188407416,2.9091433597741,2.2842571773667,3.91714301681198,2.07834634114107,3.59342629801319,2.45620921460119,3.596618281021,2.65470625251576,2.81792869918568,2.52310640073584,3.00408152987754,2.34408478597227,3.51885061615182,2.37607872552911,3.5391841689689,2.47094470893101,2.98632779073234,2.4497170236951,2.78776848213195,2.5819294454271,2.56753476526406,2.45179368037806,4.24388431741113,2.03687866879082,2.80980102394545,2.19835827609591,3.4247402333398,1.89522607143503,3.68998460557302,3.06198184968174,3.06590521285782,2.67639184631655,3.08762711823847,2.23899604563831,3.12921930143967,2.47777252468341,2.91827573310077,2.61208664582342,2.92781621364989,2.53619581003947,2.30317157278043,2.16952024299687,2.59286752856379,2.9214618635374,3.10001673732029,2.02352239071077,2.45866947573999,2.67484018450816,4.12223577516699,2.47718737536029,4.33467421369338,2.28530149348165,3.20261836282891,2.41099023579811,2.83900460129597,2.5424797064819,3.04153177691764,1.49268666420493,2.0504475272812,1.78729143925285,2.02594941099935
"UBA3282_sp910578115",1.07103673505294,0.246736323378018,0.990229495238543,1.17990559294875,1.97537425225498,1.76537188186386,0.59646242092218,0.235546417203357,1.3536706501146,0.890527142903766,1.31075550601055,1.84950916385864,0.865768668791441,1.5628178249949,2.78999913458964,2.43600513074546,2.00624928497048,1.89896640186027,1.3084404892436,1.49134691516087,0.753104081962162,0.471769848580236,2.05929633318308,1.4400172336396,1.64559715982314,0.509610634992997,1.97924797230849,1.54959725035195,0.763535283570285,0.124031251253447,0.905712374567086,0.505876165303093,1.46530262688065,0.411587457551056,1.26779532481465,1.1024693054099,1.08031000989119,1.18061750860163,1.63018000704817,0.872560680421344,0.874417334126191,1.29291875758508,1.1118039663916,-0.0586776755658889,0.0990950481531776,0.0176338572051158,0.943764508928099,0.703866196775236,2.73120585776966,0.758050929233091,0.753959458980878,0.864885145200303,1.07325996169274,0.203245531780169,1.12219643084288,1.5282788736632,2.34183358947358,1.48608343420267,2.33627223807573,1.17902602244442,0.049668880903301,1.42234531747902,0.887895037701893,1.56710505586266,0.844854177040533,0.970393212967606,0.914203925213718,0.641557279080125,0.357188729156874,0.654920875403496,2.42877836963054,0.743590383690266,2.49229396700588,1.45207169516106
"UBA3402_sp022792815",0.994412932480747,0.439461702811597,0.0219132390111856,0.796579325824133,-0.0392563967397859,0.514338633031175,0.676851239877633,-0.322225413940084,-0.208244196212583,-0.43741671761925,0.342270252964333,0.303386659225737,0.268623748642518,1.21161372166237,0.701790848219217,1.14056021963217,0.843013593655606,0.316047514119173,0.143078393364952,-0.478056689589343,0.406890344716537,1.27424054834226,0.548746646494068,0.454176947954242,0.351505868181887,0.298036532792979,0.663466234146789,0.463036220983396,-0.00051562913714065,0.41328939219702,0.933570366405968,0.33804284654234,0.188524136090034,0.200726370306517,-0.556033068233369,-0.521686029394594,0.0393626616883438,0.0944173360095935,-0.0467834860181338,-0.337562556998463,-0.0339207847486804,0.337529432764649,-0.205055003041219,0.180727358014085,-0.103646756151068,0.0554081803666495,0.0743316598506834,0.157062321699938,0.111776949683774,0.818621066505827,-0.119212374373726,0.37463399216449,-0.00490633459970269,-0.13907667058664,0.136042360136857,0.260438798818605,0.396728280404325,0.364640784716887,0.0927673923391392,0.0872771376794894,-0.247923019695792,1.54382490824911,0.331626591947439,1.65884981693617,0.532062784774805,0.371237797461937,-0.139714464363665,0.216671784764541,0.110635545537226,0.851321501584959,0.00843813965111728,0.4520456930356,0.396967835455589,1.20951589236805
"UBA7109_sp910575605",-0.35401516720521,-1.45869074469164,-1.59298806037229,-1.44435342844275,-1.91038397245801,-0.560649470321593,-1.79397661393509,-2.76183854067253,-1.88982073232101,-3.15853318377409,-0.314660667884485,-0.966148583123426,-1.77349860369026,-1.22923575933534,-1.05847843075625,-1.26099867457935,-1.00292815875034,-1.08171537081022,-1.46120968599023,-0.396094703191197,-0.830307731926469,-1.05461648269559,-1.4732929436663,-1.30131128337735,-1.47040624239978,-2.28658823106423,-1.01997402560038,-1.79633791486748,-3.11562295504009,-2.03131487066234,-2.87872992512963,-2.81767294314186,-3.47310618684464,-2.85485800546223,-0.353854177460528,0.855354292683494,-0.931239866874359,-1.34021532469543,-0.909692506068382,-2.07598060942381,-0.659359332273239,-2.09312745075951,-1.02552265234642,-1.93516568613876,-1.79577106639137,-1.43313487041268,-1.51744161049473,-1.80388591570334,-3.21374341500702,-2.47059421337426,-3.14504557095585,-2.82840592990827,-0.784648930777045,-0.918071874270284,-0.872796929585489,-1.02012005577789,-1.45637882377673,-1.39684713009275,-1.38494944545521,-0.909918918755752,-1.6729288374727,-0.482319793317348,-0.806164778623625,0.214665185174663,-0.890356898087299,-2.29659204013507,-3.07926433316544,-1.83943752079188,-1.63441510585012,-1.64269498355238,-0.98412680023154,-2.0388027784749,-1.16221956330292,-2.03936402069694
"UBA7173_sp",-1.03944149687794,0.147527149852744,-0.00791771142033149,-1.04087962232932,-0.456465207103626,-0.19723961828203,-0.957862255593232,-1.28579305060293,0.0198193956309751,-0.104441681921825,-0.428753640672682,-1.12870845528594,-0.0347834880265214,-1.02643152227863,-1.14047480294914,-0.548800204269579,-0.994133027448058,-0.563681510161061,-0.741303775479631,-0.0495414062700057,-0.335418711568151,-0.0106579415911003,0.0199194154336588,0.647990006417688,-0.988601278871448,0.669821417397916,-0.99096066278414,-0.889025131450721,-0.018523555371825,0.199805546256828,-0.402547227298648,-0.423647351261252,-0.583347164415965,-0.329450802630776,-0.625177081922732,-0.618844708733537,-0.432170126829861,-0.149540901521295,-0.02406862579695,0.258495070871742,0.147833032597093,-0.586230449010877,0.69223574958237,0.279318859492617,0.281417379872259,-0.108624652320618,-0.635014962964485,-0.037688702347463,-0.824212978191612,-0.396730075806648,0.0550352507009357,-0.21573262915788,-0.00278942858102837,0.223392485578094,-0.559657233247506,-0.185531157964078,-0.206088292289179,-0.76905854171792,-0.949552866573713,-0.647392561612834,0.0682678605904492,-1.46450620086779,-0.360416129383632,-0.877603846395534,-0.792131858476644,-1.08024709708231,-0.40494090448429,-0.21678567899235,-0.0400908579035519,-0.620876977016286,-0.0311404687237822,-0.154809945075828,-0.787567356679121,-0.0214773094180867
"UBA7173_sp001689485",-1.16975769968185,2.11336207898313,1.82534903449262,0.584365560657234,1.5703621781437,2.61062895484045,1.05665784437423,2.32168352627663,1.57802378320018,1.71482532755256,0.987865883337905,1.55455607055457,2.17635362135838,1.57525723734628,-0.643615929226014,1.70599378775043,0.214555850632925,1.08542159926497,2.07668110411464,2.17241765002884,1.1362430876209,1.97540781940738,1.13551269844645,1.09462784144259,0.153860284059308,2.82962092619653,0.693119279010357,2.13971864574294,1.41360140962885,2.6092882682777,1.61031665735577,2.2785465465445,0.129071760121919,1.2759248791457,0.448388660245815,0.193820231546994,0.537083789328454,1.96043123868182,1.11224209009913,2.28657605586884,1.61158173061218,1.71054573806299,2.93969862370094,2.61232633797343,2.49439228925543,2.63604775895719,0.499483278386323,2.06708414893432,0.202814642578439,1.98412855828147,2.10164213139766,1.04663226296861,1.11083275502578,1.39815896288622,0.973003121330796,0.710883312438847,1.67096971400952,1.38547926237356,0.361987266598321,0.784640223237169,1.91714588416972,-1.64032286713796,0.950188005396738,2.23000324330416,-0.797237774257757,1.24751677628251,0.932809585657438,2.18438049040185,1.42787995330815,1.94911565218121,2.23023294634211,-0.0204316026232192,-0.0396084055040458,-1.11218521873156
"UMGS1071_sp022801595",0.389813501505529,-0.868910191880456,-0.224972438457549,0.21233817391286,-0.389209431182385,-0.469673791407731,-0.103660310036314,0.0426833445997925,-0.368416818256454,-1.10777308662867,-0.486831305345175,-0.229948144377175,-0.304819261132835,-0.47584605263741,0.419115170647103,-0.703196250915408,0.273768071572544,0.260147004684192,-0.290011677069197,-0.431756386798718,-0.207144769226876,-0.119377012487263,-0.369504947867515,-1.0035804193716,0.0796459702711569,-1.02678770320474,0.214670325543407,0.0877207297364713,-0.17315426919858,-0.58796416443365,0.158422406151342,-0.369028961639424,-0.0991784627247299,-0.431056117132428,0.215146776958189,0.341313553325005,0.0160979530304157,-0.519983185232816,-0.20409907668992,-0.861018007987973,-0.570812753441722,-0.699729115360435,-0.643723322938992,-0.487789774224483,-0.675855526773423,-0.735419316709953,-0.127745336222706,-0.575243314406109,0.156604438660139,0.102168290749598,-0.553567466420558,0.114536574404671,-0.0489629987895306,-0.824087734721443,0.274823942484034,-0.0392545602874357,-0.891849051547679,-0.333644809327096,0.0585510800096891,-0.270169474965174,-0.855500464251785,-0.0628183712009598,0.0243048078316725,0.213870827841472,0.0471006057279482,-0.45514717762344,0.0224841248860521,-0.389327929446257,-0.501521434313501,-0.431256847612932,0.417120065856068,1.34671406565703,0.0756236984897978,1.32328466975322
"Unclassified_BinA",0.433455241808607,2.48969148286875,1.28217025644811,1.69048619376076,0.715542055826853,2.47098588797624,1.10943789289098,2.18876447243107,1.1136583001434,2.56629834921375,1.44779629012305,2.67254217148566,1.41903446152824,2.15719054065316,1.21846119086632,2.08884388956895,0.856869294006209,1.84943173531333,1.28543660093596,2.20542756052644,1.79416146016015,2.61873601099006,1.01543488613652,1.90202622218695,1.26187335818327,2.85087682134623,1.07794108506102,2.99586889681025,1.24526271033826,3.2273043219402,0.897586919027543,2.53608747209102,1.41631920441737,2.10200758241466,1.93822288876775,3.60853263802993,0.568215762401948,1.5842658702843,0.937280840881952,1.80148576527396,0.896005376485473,1.40818402093053,2.31688487880818,2.58551140626122,1.60044156018602,2.6197177537445,0.873777362690463,2.3240288547426,1.28787320770603,2.33383229587102,1.55135623533315,2.17998360115108,1.56420363678534,2.60120235567693,0.392077768747622,1.32821143408978,1.58378023060469,1.53595740540421,1.13215562276559,1.09078341778478,1.67878982581209,0.232723454144981,1.3824504897127,3.41146515180509,0.303270993022499,2.51961560757063,1.38899632885927,2.81210293896373,1.72619143765403,2.87602834621354,0.359304536010679,1.5501985260497,0.831389252726574,1.05288212719863
"Unclassified_BinB",0.404017887178243,1.10657017241656,1.16134716981327,1.11557511696866,0.136954860221797,1.13958962305193,0.659115250804444,1.01433688156239,0.409750895355058,1.56557495288551,1.30684754911837,2.37282181755287,1.00368979919303,0.75199746003509,1.4186801182499,0.752326035192834,0.781120647223666,0.968947834304039,1.01731934615992,0.709575397874598,0.831747479775309,1.59951037410227,0.538842674898742,1.4489759663655,1.12588293863102,1.44506556353017,0.877460646604112,0.850678528040069,1.16071719497205,1.87134205927378,0.271433729072449,1.00885900957451,1.6285858762913,1.69096665939551,1.01992964095357,1.42061217627472,0.533820406901995,1.19892117861569,0.721692368556639,1.06631003187495,0.618743660267722,1.1742295883355,1.07113290648855,1.17133236378022,1.13580479415977,1.51476668749535,0.764866910943438,1.34252265079834,1.43889994980449,1.59405122320788,0.494410093138075,1.56277763601815,1.27284708953219,1.84439249452618,0.147933575687652,1.246306727065,1.12748297760468,1.33464492012763,0.916923605115077,1.04154922214303,0.630269889813761,0.167066000148766,1.24154725571137,0.985847837288865,0.390480138996947,1.44333282933106,0.401719803110669,1.78512136730936,0.758640724239903,1.48770672076775,-0.168473421999074,0.519131452630164,0.963657990630075,0.279490583575603
"Unclassified_BinC",0.958378680527675,1.05905778993007,1.09576838083413,1.29872049366529,0.310317001406057,1.21157442741739,0.7079280951593,0.601940233401777,0.38910470706983,1.52970603158388,1.19081580298593,2.15932402800253,0.781803614589078,1.24524471045344,1.20061627077156,1.54146695488387,0.769168420350786,1.33541806808263,0.832743335823604,0.835986381945546,0.977786847124468,1.54575164824526,0.775330506014877,1.37717798571003,0.958309930569424,1.39582027635824,1.19780430300594,1.58391811998516,0.907807079922051,1.8238424196957,1.29979605165991,1.21728367365627,1.21152845056044,1.50672870187043,1.41905886467585,2.79304626911865,1.12921646127441,1.25991318326943,0.846284327002531,0.9150131335129,0.860258498532842,1.04171029049864,1.22730606576346,1.04050944224145,1.01162906019828,1.17222367541831,1.05734818635116,1.0603541416919,1.61057104828106,1.55525458887121,0.748933004841836,1.5309369263585,1.21234449672888,1.54169038325508,0.346195474839583,1.27840629270569,1.06087898216891,1.55298031055739,0.502229964489977,1.18142848994307,0.773666601407388,1.03078252689573,1.36280153890535,1.36170178498999,0.475947126859477,1.45636918619253,0.102514778609262,1.84283912641541,0.637966902369948,1.65962340021892,0.555239480046316,1.6083108542334,0.937077952841081,1.28405570397066
"Unclassified_BinD",1.5146455510611,1.36295654737795,1.37669803863661,2.1372687337708,0.888118254559387,1.46839071518451,1.32881525303662,1.66898587383333,0.595159845007752,1.73059098274943,1.13975800778578,1.81369741821308,1.35092891167823,1.89555999816968,2.09976247540131,2.21310898527954,1.74982342459725,2.18685637931564,1.2979322436741,1.85399583258301,1.24318625733236,1.18965229137726,1.18269771607166,1.6849239795138,1.12996774831268,1.32938795307502,1.6495938975054,2.05893427310114,1.19941305478543,1.24875351151609,1.24814053905928,1.05541147643724,1.74848989103051,1.11273624571376,1.27019361565095,2.38491096202807,1.24334120482825,1.4516025512074,1.07554672750183,1.81618338718021,1.01064730048705,2.05794948690599,1.43318026884348,1.25626845317169,1.33162542599247,0.958669485885366,1.18568193322386,1.5779058691775,1.55845942513592,1.43862895163898,1.10272613928433,1.42658523316789,1.18978218454215,0.955558955436617,1.52464875372172,1.37628798267736,1.52190733792241,1.788595481346,1.33762604829097,1.26672219900652,0.905327696121216,2.51441925528379,1.34874891343742,2.43090468347609,1.18450750314505,1.68677950512164,1.53987573276927,1.48610460326432,1.21935994906213,1.50543403927467,0.81819862325367,1.08265355996338,1.29552217026151,1.00716217336936
"Unclassified_BinE",1.10238075545199,0.480040243507426,1.02657820260861,1.6294914801752,0.164151025619184,0.450274348630158,0.712592939907529,0.713693947935726,0.0654685561306465,0.940810743047447,0.424627738329454,1.26720583964554,0.937773300819718,1.63352188372666,1.34996417781275,1.33729030181131,1.13938663341149,1.85608003428039,0.727352519887821,0.850460208830052,0.689049018346513,0.268427790529831,0.476757556339049,1.2128015273893,0.735672734578699,0.516846353849992,1.14187084194103,1.46497174395144,0.608933616665173,-0.155959908765544,0.763657451976361,0.424269797430783,1.26676488393774,0.262066295460244,0.801804962316686,1.63429469905673,0.865205879262891,0.779691287290747,0.292662144173903,0.980094650178714,0.47589720563937,0.855234365234555,0.80098960118789,0.126064687938337,0.657472520895881,-0.0468213883833766,0.635371964739385,0.511918000179122,1.02521225257175,0.312545503748135,0.596442432325457,0.220742548376728,0.605701630197704,0.390787936505614,0.832955556965654,0.508324176130008,0.666634490562844,0.936549691654839,0.693606743784567,0.433146841710503,0.218209382763431,1.72172979955352,0.88049314007988,0.807116810783205,0.610244431412431,0.535273779359335,0.806484366589947,0.915196420059564,0.322412543488179,0.661271058890225,0.86638260140017,1.14674982689271,0.86385883666911,1.00900371930005
"Unclassified_BinF",0.639640858496172,-0.124236902847047,0.747120853926891,0.576138889291197,0.200957328723403,0.148784138538426,0.239163601161513,-0.237749514462314,-0.148833565956609,0.492666168527174,0.266495866383808,0.97111226829719,0.575487411479738,0.796983025459109,0.953399444671357,0.997290202976552,0.471481228287296,1.43083650905306,0.575665795124134,0.789725897792742,0.562352830644082,0.333553198192124,0.611841401257436,0.410492097208667,0.347329306065735,-0.0855452513081065,0.326802905775843,0.955742804779993,0.394785033659314,0.0330822297478868,0.447908269974306,0.530751980465897,0.872590540204934,0.263595053872571,0.718232841288135,0.780556951455422,0.460624179217476,0.346806866975772,0.121556527227428,0.164844773010316,0.248294879106009,0.387843497897151,0.277626734949903,-0.76198659131105,-0.295992861301309,-0.837273915434192,0.419344454020315,0.0390588804086907,1.08839594092234,0.0616221097141629,-0.015772287674352,-0.188155435001407,0.796406244297319,0.219634838706058,0.0548056207813392,0.569718937030938,0.626816763207962,0.96871463230161,0.512702050104691,0.270528541058209,-0.431407537461247,0.655447543251061,0.304887495342255,0.095615374275976,0.154462163457357,0.078716566792016,0.411882921431333,0.830553817913442,0.0684013017193301,0.773139909364001,0.573003111491593,0.14207972896155,0.766503233533948,0.502894257227116
"Unclassified_BinG",-4.07934589495317,-4.73353427823519,-4.24972636781452,-3.18494470276986,-4.24761768005178,-4.48959743865793,-3.76777530714796,-4.8574257174146,-4.29992607345658,-4.63525710259076,-4.00331605430624,-5.33639174328224,-3.98813724577942,-4.44746859475978,-3.79087301552421,-5.12684088436666,-3.70055567066902,-4.09284969838213,-4.82990308558651,-4.8525385922503,-4.3708922693391,-4.62179927073338,-3.93264343834008,-5.5889678915671,-4.37354565063331,-4.80080796762973,-3.70115382343225,-5.03145518643241,-4.2812465698318,-5.25812771421766,-2.88027226616744,-4.33996220587252,-3.98670516438883,-4.60106428069396,-3.22152452610982,-4.26048999944788,-2.86006464551657,-4.19627869229872,-4.21324139241356,-4.47020040388561,-4.33569176169443,-5.12918275822186,-4.29084548654211,-5.46786355449632,-4.93698441686493,-4.58273681835463,-4.24882634678813,-4.46415675029976,-4.17700467369704,-4.01104811740887,-4.5279407157515,-4.11845855144067,-5.09567625020132,-5.4065266693425,-3.58255627098611,-3.93287982795295,-4.19567478891568,-3.84498173313436,-3.97987834678211,-3.97435380896609,-4.88893516815395,-4.29896945195129,-4.1551744635299,-4.36142331759894,-3.26938084793162,-4.73079891982708,-4.75676091368188,-4.94073068806867,-4.59301144559293,-5.61091842165801,-3.77381668260779,-4.12385930093896,-2.72984711595275,-4.33475269605313
"Unclassified_BinH",-3.24892948852248,-4.3710960154922,-3.67632725386139,-3.42350818126098,-4.01502598133049,-4.18239191421149,-3.06420576187219,-4.43056780629207,-4.05791048062578,-4.12088811276282,-3.78816172022761,-4.30305995440975,-3.71147450541885,-4.30535672406287,-3.18868755979663,-4.19570250403712,-3.33800204810556,-3.45280137872546,-4.19760522755914,-4.8577933501747,-3.84018192258127,-2.86462452654577,-3.70985338718636,-3.40991791526007,-2.99991510299353,-3.48385897522854,-3.10966088832804,-4.03119936311469,-3.77455113845524,-5.06910962982998,-3.26941662518565,-3.81140006774844,-3.72949867265057,-4.31999356485393,-3.42681655012544,-3.83314447251982,-3.17272304087034,-3.75385412947921,-4.00096434557624,-3.8862757375211,-4.48561178724698,-4.56166822391859,-4.03116693626295,-5.08362374671778,-4.43153284677034,-4.39800186887263,-4.15143568404909,-4.36324595591042,-3.13449687133189,-3.44814361446039,-3.81743478242969,-3.5521332104981,-3.90906096436481,-5.00102189259966,-2.9081730434229,-3.37837358148629,-3.18482373933075,-3.60014414426783,-3.49276990870271,-3.43107242869383,-4.00875511245162,-3.42424833885445,-3.67852572702505,-2.53276953193054,-3.16656177844018,-3.11493076005367,-3.37794269796618,-4.21610486532613,-4.32310436868409,-3.99865430414989,-3.60612672879811,-4.11564318413726,-3.18536573020006,-4.2121921531602
"Ventrimonas_sp",1.86808501492738,1.63769647904987,1.43216339465873,2.06523252950258,1.12148427326416,1.31100700669999,1.64348696177197,2.06056037258906,1.1203154694027,1.74209097424036,1.54323540620365,1.88670907859788,2.11033003252697,2.15142771411605,2.0133759162115,1.84680894073289,2.46564820417468,2.00870342876054,1.63721915225322,1.52792706134877,1.15441730874711,1.68783272890606,1.4267000858818,1.54330131470315,1.50255636939841,1.02871480042981,1.87070645433028,1.44868956713509,1.42504504494122,1.09830283965188,2.03147910476697,1.56336810668338,1.93957290809805,2.16927796027297,1.97760649374482,2.93230966087321,1.48474817933167,1.80586021010313,1.40007975629751,2.08502891369059,1.36828585483219,1.96051037078906,1.56416852757111,1.67958586758244,0.859468792859229,1.50535724262671,1.17636520355862,1.65469368055256,1.80154497272925,1.76356199095274,1.27737176968511,1.6495267044051,1.43206571079776,1.77259073574446,1.75767250905962,2.01420599008221,1.62574674537152,1.7850137304899,1.80075748351979,1.86134580631474,1.35601889620319,2.55572873613112,1.2838058968482,2.55287771298976,1.71233361645969,1.82617241700913,1.56720632823068,1.73141421806366,1.15711420241676,1.66765543535027,1.32514741672258,2.24902886376619,1.66064326139436,2.14393610127485
"Ventrimonas_sp910577765",0.0242456853698005,-1.63839792014638,-0.918418967154166,-0.529724321901046,-1.06593978636731,-1.21954833226031,-0.0748852143520065,-0.713255026931472,-1.54860818282051,-1.17998910606015,-0.740788187245732,-1.10564243979222,-1.35880493121756,-0.0885426988261617,-0.143072396521676,-0.0312654879466177,0.196016580578654,-0.160067546153758,-0.601004895548233,-0.304014483627375,-0.716089755093124,-0.567623102254318,-0.63316316830814,-1.29129875325837,-0.760832179333015,-2.50614692548377,-0.408973188652967,-0.75572935104204,-1.01250390720131,-1.81150924409633,-0.383381663803164,-1.06602473784385,-1.22090138627428,-2.10604515887606,-5.62595032920767,-6.18056001546638,-0.956025813072666,-1.29522965112035,-1.27858076120899,-0.965842409441104,-1.2669426561811,-0.197304719082267,-2.06492724920034,-1.8737289356359,-1.70849447862985,-2.14001909878793,-1.12435263487358,-2.43836280227391,-0.207344623253832,-0.882659957349896,-1.34948142836124,-1.57796797679532,-0.845793596312335,-2.01039510002306,-0.242933652073852,-1.44410186034375,-1.0849221014417,-1.71687167319672,-1.30995060316396,-1.35041518157068,-2.3022505098446,0.16261715309976,-0.604876133608695,1.08245248461608,-0.38800839043869,-2.32263974369705,-0.11263337512184,-0.737469800986762,-0.805432265904781,-0.497769218597371,-0.584318492629286,0.282889903012206,-0.933782161280186,0.903990880911699
"Zhenpiania_sp",-3.51574746724716,-3.55921958376759,-3.32185868291436,-3.61487032106901,-2.90717920060409,-3.33901361948901,-3.24049596637175,-3.93987738831012,-2.66591560054447,-1.92791382055759,-3.52299659912844,-4.09125433244874,-3.59482471309934,-3.49211563049007,-3.20381809957957,-3.79453796514352,-3.4729575682358,-2.74555693367857,-3.98828073014602,-4.41473425456474,-4.52870295703189,-3.91246419700709,-2.57152995713261,-2.38093958407681,-3.39207446711234,-3.09331192190392,-3.04314109846203,-3.54989607405902,-3.12151088747543,-4.33916891096576,-4.31868645235725,-4.84683760692466,-2.44052970703561,-4.37398864054752,-1.72872617475857,-2.42301518061914,-2.94755623994118,-3.24316111235495,-3.01390787078917,-2.90739610462851,-2.67044576809241,-2.59016243978466,-4.52218381599221,-3.8296402940587,-2.90188302958291,-3.73764597097371,-2.10702571133228,-2.83114299054157,-3.70685558986507,-3.2281391291315,-3.89067033888401,-3.55522553902872,-3.08906629440235,-3.19690977346368,-2.74826495076713,-2.92729183816051,-4.16103853228178,-4.06474677096873,-3.27837284181764,-3.84162248311919,-3.85944026652962,-4.06238143146563,-3.68207776968447,-4.01839429029904,-3.42224067290109,-3.93823288321655,0.280792191379515,1.50746747846811,0.151052917677292,1.54792594072391,0.969332825822583,-3.50603803334208,-1.44981997533589,-0.971696082188897
"[Clostridium]_clostridioforme",0.630090476055299,0.10979050432133,0.772075098399602,0.847040488636464,0.320021524294937,0.38071381849919,0.493123372245924,0.435924844093496,0.173485410564012,0.737634871572908,0.495681576287424,1.13411740914107,0.711236931120681,0.929311007902266,1.13888132375531,1.06058820436017,0.7564314748654,1.22391079828496,0.563548015374149,0.484935490576637,0.451489989910757,0.382786815880534,0.524018872004222,0.853724546000636,0.5797581961669,0.18091258421679,0.845421603435089,0.888553042794982,0.5678314046129,0.286637763679689,0.48148894191247,0.225685122964947,1.31565671645901,0.580215212587667,0.834950071725448,1.30202580718976,0.638041364567002,0.514898205719287,0.467996935457522,0.442274044597108,0.225758082842773,0.61420040157148,0.750120181062508,0.166609086251434,0.243881538400052,0.141483381187072,0.505815369979253,0.375965585093201,1.12989666824245,0.497210529287415,0.270385058404468,0.552065489714531,0.746781027024099,0.277338389280789,0.426308501085384,0.570278125575499,0.775009400682301,0.752361373542213,0.75153520642526,0.421973647692562,-0.0434794993851693,1.00496205318673,0.772192526763398,0.316873285291541,0.531902240657406,0.492840006385029,0.599456722902488,0.659271109528783,0.174565288909386,0.54572164686514,0.745697698535862,0.738155009921417,0.854701650710814,0.831605115838189
"[Clostridium]_innocuum",0.537498787075968,-0.190462067769559,-0.257034136465661,0.713660977286876,-0.109086725736249,-0.320384388684387,-0.380879459079795,-0.493471263021794,-0.770410387884647,-0.231022873643912,0.143199962374588,2.25996053249937,-0.0985381928321605,0.290978350874445,1.05085041683926,0.127308852731286,0.579909498391965,0.510270621379053,0.0944557220382105,0.0929098258686984,-0.51177814205786,-1.40343350712589,-0.0846643770519222,0.0578450303521372,-0.113750194899302,-0.72014571433982,0.572388131420306,0.283020229136214,-0.349705669988086,-1.1952942778872,0.43020604237153,-1.21663175598484,-0.243647843843133,-0.605479056869319,-0.264235857527506,0.06086461697085,-0.300869631993244,-0.771434844876469,-0.329236392315213,-0.843502506731761,-1.00298094754672,-0.264457937634218,-0.564822307153852,-0.540347568569672,-0.990834827489282,-0.491016288828813,-0.423614969435558,-0.474541247635541,0.508939865391946,-0.015169565716473,-0.564282982746725,-0.569661968061524,-0.25544399115268,1.88283980348938,0.00400160759919288,-0.521580098849514,-0.132124203499409,-0.0624832921149281,0.159094503523924,0.180869367250546,0.157189293069836,-0.0181142353649619,0.129971583179087,-0.646563740407032,0.169441680350809,-0.113898739131525,0.00654083172172193,-0.0632103138765174,-0.603163055366206,-0.706487808181429,0.0777763491081451,-0.198293581118943,0.14262750556186,-0.312629178240455
